pos1,pos2,pos3,freq
ADP,DET,NOUN,20557
DET,NOUN,PUNCT,11903
DET,NOUN,VERB,11783
DET,NOUN,ADP,8589
ADV,VERB,PRON,8336
CCONJ,PRON,VERB,8298
NOUN,VERB,PUNCT,8078
PRON,VERB,ADV,7002
CCONJ,PRON,AUX,6964
VERB,PRON,ADV,6945
PRON,AUX,ADV,6749
PRON,VERB,PRON,6573
VERB,DET,NOUN,6333
DET,ADJ,NOUN,6269
DET,NOUN,CCONJ,5556
DET,NOUN,AUX,5518
ADV,DET,NOUN,5437
PRON,VERB,ADP,5323
NOUN,ADP,DET,5270
ADP,PRON,NOUN,5143
VERB,ADP,DET,4951
CCONJ,ADV,VERB,4653
CCONJ,DET,NOUN,4531
ADP,VERB,PUNCT,4264
PRON,AUX,ADJ,4260
ADV,AUX,PRON,4195
ADJ,NOUN,PUNCT,4164
VERB,PRON,ADP,4046
DET,NOUN,ADV,3987
PRON,DET,NOUN,3933
PRON,ADV,ADV,3864
AUX,PRON,ADV,3792
NOUN,VERB,CCONJ,3686
PRON,ADV,ADJ,3668
PRON,NOUN,VERB,3562
PRON,ADP,DET,3476
PRON,VERB,PUNCT,3372
ADV,ADJ,PUNCT,3363
VERB,CCONJ,PRON,3344
NOUN,CCONJ,NOUN,3326
ADP,NOUN,PUNCT,3319
VERB,PRON,ADJ,3288
NOUN,CCONJ,PRON,3255
NOUN,VERB,PRON,3250
PRON,VERB,DET,3222
ADV,ADP,DET,3220
AUX,DET,NOUN,3218
AUX,ADV,ADJ,3190
PRON,NOUN,PUNCT,3135
SCONJ,PRON,ADV,3112
ADV,VERB,PUNCT,3094
AUX,VERB,PUNCT,2963
PRON,AUX,PRON,2871
ADV,ADV,ADJ,2857
VERB,SCONJ,PRON,2761
VERB,ADV,ADV,2678
VERB,PRON,PRON,2590
AUX,ADV,ADV,2541
ADJ,NOUN,VERB,2531
ADV,ADV,ADV,2526
PRON,VERB,SCONJ,2501
PRON,ADV,ADP,2496
NOUN,VERB,ADP,2479
PRON,ADV,VERB,2467
NOUN,ADV,PUNCT,2460
CCONJ,SCONJ,PRON,2457
NOUN,AUX,VERB,2456
ADP,DET,ADJ,2417
VERB,CCONJ,ADV,2412
PRON,AUX,DET,2409
VERB,PRON,DET,2363
NOUN,ADP,NOUN,2326
ADJ,VERB,PUNCT,2310
ADV,ADV,ADP,2286
NOUN,ADP,VERB,2259
ADJ,ADJ,PUNCT,2254
NOUN,VERB,ADV,2210
VERB,ADP,NOUN,2208
VERB,ADV,ADP,2184
PRON,VERB,ADJ,2106
SCONJ,DET,NOUN,2105
CCONJ,ADV,AUX,2078
VERB,ADV,DET,2070
NOUN,CCONJ,ADV,2060
PRON,AUX,VERB,2057
NOUN,ADP,PRON,2056
SCONJ,PRON,ADP,2016
ADV,ADJ,ADP,2014
NOUN,CCONJ,DET,2009
DET,NOUN,ADJ,1998
NOUN,AUX,ADV,1990
ADJ,NOUN,ADP,1979
VERB,PRON,NOUN,1974
PRON,PRON,ADV,1963
VERB,ADP,PRON,1944
DET,NOUN,NOUN,1886
ADP,NOUN,VERB,1856
AUX,PRON,ADJ,1819
SCONJ,PRON,ADJ,1814
PRON,NOUN,CCONJ,1813
AUX,ADJ,ADJ,1786
SCONJ,PRON,PRON,1735
NOUN,AUX,PRON,1732
ADP,ADP,VERB,1726
ADJ,ADP,DET,1719
PRON,AUX,ADP,1717
ADJ,CCONJ,PRON,1696
ADV,VERB,ADV,1695
VERB,VERB,PUNCT,1690
NOUN,AUX,ADJ,1676
CCONJ,ADP,DET,1667
ADV,ADV,VERB,1662
ADP,NOUN,CCONJ,1639
ADV,ADV,PUNCT,1635
PRON,NOUN,ADP,1627
VERB,VERB,PRON,1608
ADP,VERB,CCONJ,1607
DET,NOUN,PRON,1604
PRON,VERB,VERB,1604
PRON,VERB,NOUN,1593
ADP,PROPN,PUNCT,1586
AUX,ADJ,PUNCT,1584
AUX,PRON,VERB,1571
VERB,CCONJ,VERB,1558
PRON,PRON,VERB,1537
ADV,ADP,NOUN,1528
NOUN,ADP,PUNCT,1522
PRON,ADP,NOUN,1512
NOUN,CCONJ,VERB,1501
NOUN,VERB,VERB,1500
ADJ,NOUN,CCONJ,1495
ADV,ADJ,VERB,1486
VERB,ADV,ADJ,1477
PRON,ADV,PUNCT,1475
PRON,ADJ,PUNCT,1472
ADV,VERB,DET,1466
PRON,ADP,PRON,1439
AUX,VERB,CCONJ,1430
ADV,ADJ,CCONJ,1423
PRON,VERB,CCONJ,1381
PRON,NOUN,AUX,1380
NOUN,VERB,DET,1370
SCONJ,PRON,VERB,1366
SCONJ,PRON,DET,1362
ADV,PRON,VERB,1356
PRON,ADJ,NOUN,1348
NOUN,PUNCT,NOUN,1343
VERB,PRON,VERB,1343
PUNCT,NOUN,PUNCT,1338
CCONJ,NOUN,PUNCT,1334
AUX,PRON,NOUN,1333
PRON,ADJ,ADJ,1309
ADV,ADJ,ADJ,1300
PRON,ADP,VERB,1300
PRON,ADJ,VERB,1299
NOUN,DET,NOUN,1296
CCONJ,NOUN,VERB,1285
ADP,NOUN,ADP,1282
NOUN,ADP,PROPN,1260
AUX,ADV,VERB,1259
ADJ,SCONJ,PRON,1255
VERB,PRON,PUNCT,1248
ADV,ADP,VERB,1243
AUX,PRON,ADP,1227
ADV,ADP,PRON,1220
AUX,ADP,DET,1220
PRON,ADJ,ADP,1214
ADV,VERB,CCONJ,1198
CCONJ,PRON,NOUN,1195
VERB,DET,ADJ,1190
ADV,ADV,DET,1188
ADV,DET,ADJ,1177
ADJ,DET,NOUN,1173
CCONJ,VERB,PRON,1152
ADJ,ADJ,NOUN,1130
PRON,PRON,ADJ,1127
ADV,SCONJ,PRON,1123
PRON,ADJ,AUX,1119
NOUN,ADV,VERB,1110
VERB,CCONJ,NOUN,1109
VERB,PROPN,PUNCT,1100
VERB,CCONJ,DET,1093
NUM,NOUN,PUNCT,1084
ADJ,CCONJ,ADJ,1077
AUX,PRON,PRON,1076
CCONJ,ADV,ADV,1072
PRON,DET,ADJ,1068
PROPN,CCONJ,PROPN,1067
VERB,NOUN,PUNCT,1064
NOUN,NOUN,PUNCT,1063
ADJ,NOUN,AUX,1057
NOUN,ADJ,PUNCT,1055
VERB,AUX,PRON,1046
PRON,ADV,DET,1029
ADV,ADJ,NOUN,1005
AUX,DET,ADJ,1001
VERB,CCONJ,ADP,981
VERB,ADV,VERB,981
AUX,ADV,ADP,975
NOUN,ADV,ADV,962
ADJ,ADP,PRON,953
ADV,NOUN,VERB,952
VERB,ADV,PRON,951
VERB,ADV,PUNCT,950
ADJ,ADJ,CCONJ,944
ADV,ADJ,SCONJ,933
SCONJ,PRON,NOUN,906
ADJ,CCONJ,ADV,905
ADJ,ADP,ADP,901
PRON,AUX,NOUN,898
ADP,DET,PROPN,898
ADJ,ADJ,ADJ,897
ADJ,AUX,PUNCT,894
ADJ,VERB,CCONJ,888
AUX,PRON,DET,885
PRON,NOUN,ADV,884
CCONJ,NOUN,CCONJ,880
VERB,ADV,NOUN,878
ADV,ADP,PUNCT,869
VERB,ADP,PROPN,862
ADP,ADJ,NOUN,857
DET,NOUN,DET,856
ADP,PRON,VERB,850
NOUN,ADP,ADP,846
ADJ,VERB,PRON,845
NOUN,CCONJ,ADP,841
PUNCT,CCONJ,PRON,837
AUX,VERB,ADP,827
AUX,ADV,DET,826
PROPN,PROPN,PUNCT,825
AUX,ADJ,CCONJ,824
ADV,VERB,ADP,822
ADP,PRON,PUNCT,822
NOUN,VERB,NOUN,821
PUNCT,PRON,VERB,818
ADP,PRON,ADP,816
ADV,NUM,NOUN,815
ADP,VERB,VERB,810
ADJ,ADP,NOUN,808
PROPN,VERB,ADP,808
ADV,ADJ,AUX,806
CCONJ,VERB,PUNCT,805
NOUN,ADV,ADP,803
ADV,PRON,ADP,800
PUNCT,PROPN,PUNCT,795
PROPN,PUNCT,PROPN,794
NOUN,SCONJ,PRON,789
ADV,AUX,VERB,789
VERB,ADP,VERB,788
PROPN,VERB,PRON,786
NOUN,AUX,DET,784
VERB,VERB,CCONJ,782
NOUN,ADV,ADJ,781
DET,ADJ,ADJ,777
ADJ,ADJ,ADP,777
NOUN,VERB,SCONJ,773
NOUN,NOUN,VERB,772
VERB,PUNCT,CCONJ,771
ADV,ADV,PRON,771
NUM,NOUN,ADP,765
NOUN,AUX,PUNCT,761
CCONJ,DET,ADJ,758
PROPN,VERB,PUNCT,756
CCONJ,NOUN,ADV,750
ADP,NUM,NOUN,743
PRON,PRON,ADP,741
NOUN,PUNCT,CCONJ,730
PRON,PRON,NOUN,729
ADV,NOUN,PUNCT,727
AUX,VERB,PRON,722
AUX,ADJ,ADP,720
VERB,ADP,ADP,719
ADJ,ADP,VERB,718
ADV,NOUN,ADP,712
ADP,ADP,DET,711
VERB,CCONJ,SCONJ,709
ADP,DET,VERB,708
ADV,ADV,NOUN,708
NOUN,ADP,CCONJ,703
PRON,VERB,PROPN,702
ADJ,AUX,VERB,694
ADV,PRON,AUX,685
ADP,NOUN,NUM,677
NOUN,VERB,AUX,676
VERB,SCONJ,DET,675
CCONJ,NOUN,AUX,673
NUM,NOUN,VERB,671
CCONJ,VERB,ADP,671
PUNCT,PRON,AUX,665
ADV,ADP,ADP,661
VERB,PUNCT,VERB,659
NOUN,ADJ,VERB,658
VERB,ADJ,PUNCT,657
VERB,NOUN,CCONJ,656
PRON,ADP,PUNCT,654
PROPN,CCONJ,PRON,648
NOUN,AUX,NOUN,647
NOUN,PRON,VERB,645
VERB,SCONJ,NOUN,641
ADP,PROPN,CCONJ,638
NOUN,AUX,ADP,635
VERB,ADJ,NOUN,633
PRON,ADV,PRON,625
VERB,ADJ,ADP,624
CCONJ,ADJ,PUNCT,617
ADJ,ADJ,VERB,616
ADP,VERB,ADP,615
CCONJ,VERB,ADV,615
ADP,AUX,VERB,608
PRON,ADJ,ADV,606
PRON,ADV,NOUN,603
PRON,ADJ,CCONJ,597
DET,NOUN,SCONJ,589
ADV,VERB,VERB,586
CCONJ,ADV,ADP,577
CCONJ,PROPN,VERB,574
PRON,ADV,AUX,572
ADP,PROPN,VERB,571
NOUN,VERB,ADJ,568
ADV,PRON,NOUN,568
ADV,ADJ,ADV,563
ADV,AUX,DET,562
CCONJ,ADJ,NOUN,560
ADJ,NOUN,ADV,558
NOUN,NOUN,CCONJ,555
ADV,CCONJ,PRON,548
VERB,ADJ,ADJ,543
PRON,ADP,ADP,542
ADP,NOUN,AUX,537
VERB,ADV,SCONJ,535
PRON,VERB,AUX,534
VERB,AUX,PUNCT,532
CCONJ,ADP,NOUN,531
VERB,NOUN,ADP,530
VERB,NOUN,VERB,524
CCONJ,NOUN,ADP,524
NOUN,PRON,ADV,523
AUX,NOUN,VERB,522
PUNCT,VERB,PUNCT,521
NOUN,NOUN,ADP,520
PRON,AUX,PROPN,518
ADP,ADP,PUNCT,517
PUNCT,CCONJ,ADV,517
AUX,ADP,NOUN,517
ADJ,VERB,ADP,515
PUNCT,VERB,PRON,514
ADV,ADP,PROPN,510
PUNCT,DET,NOUN,505
DET,VERB,NOUN,505
ADJ,ADV,PUNCT,499
PROPN,PROPN,PROPN,498
AUX,ADP,PRON,497
CCONJ,PROPN,PUNCT,496
ADP,CCONJ,VERB,492
ADP,VERB,AUX,492
ADP,ADP,ADP,491
ADV,VERB,NOUN,490
AUX,ADJ,VERB,488
ADP,CCONJ,PRON,487
DET,PROPN,PUNCT,487
PRON,PRON,AUX,486
NOUN,ADV,PRON,483
PRON,ADP,PROPN,482
VERB,NOUN,ADJ,482
ADP,PRON,ADJ,481
CCONJ,ADV,ADJ,480
ADJ,ADP,PUNCT,476
PRON,AUX,NUM,475
NOUN,ADJ,CCONJ,475
PROPN,VERB,ADV,473
AUX,NUM,NOUN,473
ADV,VERB,PROPN,471
VERB,PRON,SCONJ,470
DET,ADJ,PUNCT,469
NOUN,PRON,PRON,467
NOUN,CCONJ,ADJ,466
NOUN,VERB,PROPN,466
ADV,NOUN,CCONJ,464
CCONJ,VERB,CCONJ,464
SCONJ,PRON,AUX,461
VERB,VERB,ADP,458
PRON,NOUN,ADJ,458
NOUN,PROPN,PUNCT,458
NOUN,ADJ,AUX,457
CCONJ,ADP,VERB,457
PUNCT,NOUN,CCONJ,457
AUX,NOUN,PUNCT,453
CCONJ,VERB,DET,451
NOUN,NUM,PUNCT,447
ADJ,AUX,PRON,441
VERB,NUM,NOUN,439
CCONJ,ADP,PRON,434
NOUN,PUNCT,VERB,434
ADJ,AUX,CCONJ,434
NUM,NOUN,CCONJ,432
NOUN,PUNCT,PRON,431
AUX,ADV,NOUN,426
ADJ,ADV,ADJ,425
PRON,CCONJ,PRON,422
PROPN,AUX,PRON,421
PROPN,ADP,DET,421
PRON,SCONJ,PRON,420
AUX,CCONJ,PRON,417
ADP,PROPN,PROPN,409
CCONJ,ADV,DET,408
AUX,ADV,PRON,404
DET,ADJ,VERB,402
ADP,PROPN,ADP,402
VERB,PUNCT,NOUN,399
ADV,ADV,AUX,396
NOUN,PUNCT,PUNCT,393
AUX,ADJ,NOUN,392
ADV,PRON,PRON,389
NOUN,ADJ,ADJ,386
ADJ,ADV,VERB,384
AUX,SCONJ,PRON,379
PROPN,AUX,VERB,378
VERB,AUX,ADV,377
ADJ,CCONJ,VERB,375
ADP,CCONJ,ADV,372
PROPN,VERB,DET,371
VERB,NOUN,ADV,371
CCONJ,ADV,PUNCT,369
VERB,CCONJ,ADJ,368
AUX,ADJ,ADV,367
NOUN,ADV,AUX,365
NOUN,CCONJ,PROPN,365
VERB,ADV,AUX,362
ADV,VERB,AUX,361
PUNCT,ADV,VERB,361
ADV,VERB,ADJ,359
VERB,ADP,PUNCT,355
ADJ,ADV,ADV,355
AUX,VERB,VERB,355
ADV,VERB,SCONJ,354
CCONJ,ADJ,VERB,354
PROPN,AUX,ADV,353
NOUN,PRON,ADP,352
ADV,PRON,ADJ,349
ADP,CCONJ,ADP,348
VERB,ADP,ADJ,348
PRON,ADJ,SCONJ,348
ADP,VERB,PRON,348
NOUN,AUX,CCONJ,346
NOUN,ADJ,ADP,345
ADV,PRON,ADV,345
ADJ,CCONJ,DET,345
AUX,NOUN,CCONJ,345
NOUN,ADV,CCONJ,343
NOUN,ADV,DET,343
ADJ,ADJ,AUX,341
NOUN,PRON,ADJ,340
CCONJ,SCONJ,DET,339
VERB,ADJ,ADV,339
AUX,AUX,PRON,338
SCONJ,NOUN,ADP,337
PROPN,DET,NOUN,336
ADP,NOUN,ADV,336
PRON,NUM,NOUN,336
NOUN,ADP,NUM,335
ADJ,SCONJ,DET,335
ADJ,ADV,ADP,335
ADP,AUX,PRON,334
NUM,NOUN,ADJ,332
ADP,PRON,ADV,331
SYM,SYM,SYM,331
VERB,PROPN,CCONJ,331
CCONJ,PROPN,CCONJ,330
ADV,ADV,CCONJ,330
ADP,VERB,ADV,329
PROPN,CCONJ,ADV,328
ADV,AUX,ADV,327
VERB,VERB,ADV,325
ADV,CCONJ,ADV,324
AUX,VERB,SCONJ,324
ADJ,PUNCT,CCONJ,324
AUX,PROPN,PUNCT,321
DET,VERB,PUNCT,320
NOUN,CCONJ,SCONJ,320
PROPN,AUX,ADJ,319
NOUN,ADP,ADJ,319
NOUN,PRON,NOUN,318
DET,ADJ,ADP,318
PROPN,PROPN,CCONJ,317
NOUN,ADJ,NOUN,316
VERB,PUNCT,PRON,316
NOUN,DET,ADJ,314
VERB,ADV,NUM,307
VERB,PUNCT,PUNCT,305
ADJ,AUX,ADP,304
ADJ,VERB,VERB,303
ADJ,VERB,AUX,302
ADP,SCONJ,PRON,302
CCONJ,PROPN,AUX,301
DET,NOUN,PROPN,300
VERB,SCONJ,ADV,299
ADV,ADP,CCONJ,299
PRON,ADV,CCONJ,297
SCONJ,NOUN,ADV,296
VERB,AUX,ADJ,294
ADV,ADJ,DET,292
VERB,ADJ,DET,292
CCONJ,PRON,ADV,291
CCONJ,NUM,NOUN,290
PUNCT,SCONJ,PRON,290
ADJ,NOUN,NOUN,289
PRON,ADP,CCONJ,288
ADP,ADP,NOUN,288
ADJ,NOUN,ADJ,286
ADP,PRON,CCONJ,283
AUX,ADJ,SCONJ,282
ADV,ADV,SCONJ,282
ADP,VERB,SCONJ,282
VERB,PROPN,ADP,281
ADP,PROPN,AUX,279
PROPN,AUX,DET,279
ADP,ADP,CCONJ,278
ADV,ADV,NUM,276
PRON,VERB,NUM,275
AUX,VERB,ADV,274
VERB,PRON,CCONJ,274
NOUN,PRON,AUX,274
VERB,ADJ,CCONJ,273
ADJ,VERB,ADV,273
PROPN,PROPN,VERB,270
ADP,ADP,PRON,270
PUNCT,VERB,PROPN,268
NOUN,PUNCT,DET,268
CCONJ,AUX,PRON,267
ADJ,VERB,SCONJ,266
VERB,ADP,ADV,266
DET,ADJ,CCONJ,264
NOUN,PUNCT,PROPN,262
NOUN,ADP,ADV,262
PUNCT,CCONJ,DET,262
AUX,CCONJ,ADV,260
ADJ,PUNCT,ADJ,260
AUX,ADV,NUM,257
SCONJ,ADV,DET,257
ADV,ADP,ADV,256
PRON,NOUN,PRON,254
CCONJ,ADV,PRON,254
ADJ,NOUN,SCONJ,254
CCONJ,PRON,PRON,254
ADP,ADV,PUNCT,254
ADV,SCONJ,DET,253
PRON,ADV,SCONJ,253
PRON,PRON,PRON,252
ADJ,NOUN,PRON,252
AUX,ADP,PROPN,251
PRON,ADP,AUX,251
ADP,PRON,PRON,250
PRON,NOUN,NOUN,250
ADV,NOUN,AUX,249
NOUN,PUNCT,ADV,247
DET,ADJ,AUX,246
PRON,NOUN,PROPN,246
DET,PROPN,VERB,245
SCONJ,NOUN,PUNCT,245
PROPN,VERB,CCONJ,244
NUM,NOUN,NOUN,243
NOUN,NUM,NOUN,243
PROPN,CCONJ,NOUN,242
PRON,PRON,PUNCT,241
ADP,NOUN,NOUN,238
PRON,ADJ,DET,237
PUNCT,ADJ,PUNCT,236
VERB,ADV,CCONJ,236
PUNCT,PROPN,CCONJ,234
VERB,PUNCT,ADV,233
ADJ,AUX,AUX,233
PUNCT,NOUN,VERB,231
ADV,ADJ,PRON,228
DET,PROPN,PROPN,226
PUNCT,ADP,DET,226
ADJ,DET,ADJ,225
ADJ,AUX,SCONJ,225
SCONJ,SCONJ,PRON,225
VERB,VERB,VERB,223
ADP,PRON,AUX,222
AUX,ADJ,DET,221
INTJ,PRON,VERB,221
ADJ,CCONJ,NOUN,221
CCONJ,PRON,ADJ,219
NOUN,ADP,AUX,219
SCONJ,DET,ADJ,218
CCONJ,ADV,NOUN,216
PROPN,ADP,PROPN,215
VERB,PRON,AUX,213
AUX,NOUN,ADP,211
ADJ,CCONJ,ADP,211
PRON,ADP,ADJ,211
VERB,PRON,PROPN,210
VERB,CCONJ,AUX,209
CCONJ,VERB,VERB,209
AUX,VERB,AUX,209
NOUN,AUX,AUX,208
CCONJ,ADJ,CCONJ,207
AUX,ADP,VERB,207
SYM,SYM,PUNCT,207
DET,NUM,NOUN,206
ADJ,ADJ,SCONJ,206
NOUN,ADV,NOUN,206
PRON,NOUN,DET,206
VERB,ADP,NUM,204
CCONJ,ADP,PROPN,204
ADJ,CCONJ,SCONJ,203
CCONJ,ADJ,AUX,203
NOUN,CCONJ,NUM,202
ADV,ADP,ADJ,200
SCONJ,ADP,DET,196
ADJ,SCONJ,NOUN,196
NOUN,NOUN,ADV,196
SCONJ,ADV,ADV,195
ADJ,ADJ,ADV,195
PROPN,PUNCT,NOUN,195
NOUN,CCONJ,AUX,194
PROPN,CCONJ,DET,193
NOUN,PUNCT,ADP,193
PRON,ADV,NUM,193
NOUN,NOUN,AUX,192
AUX,PRON,PUNCT,192
NOUN,PROPN,VERB,192
PROPN,NOUN,PUNCT,191
DET,PROPN,CCONJ,191
VERB,ADP,CCONJ,190
CCONJ,VERB,ADJ,190
NUM,NOUN,ADV,188
VERB,PROPN,PROPN,187
PUNCT,ADV,AUX,186
ADV,SCONJ,NOUN,186
NOUN,AUX,PROPN,186
DET,DET,NOUN,186
PUNCT,SYM,PUNCT,185
ADJ,ADP,PROPN,185
NOUN,NUM,VERB,185
ADV,CCONJ,VERB,185
ADP,ADV,DET,183
PROPN,AUX,ADP,182
PROPN,VERB,ADJ,180
NUM,ADP,DET,180
ADP,VERB,ADJ,179
CCONJ,VERB,NOUN,179
PROPN,ADP,NOUN,177
ADP,ADV,ADP,177
PROPN,AUX,NOUN,177
ADJ,PRON,VERB,177
VERB,PRON,NUM,177
ADV,ADP,AUX,176
ADJ,ADP,CCONJ,176
CCONJ,ADP,AUX,176
CCONJ,ADJ,ADJ,175
PUNCT,CCONJ,SCONJ,174
VERB,AUX,VERB,174
VERB,AUX,CCONJ,174
DET,NOUN,NUM,173
VERB,PROPN,ADV,171
PUNCT,VERB,CCONJ,171
AUX,ADV,AUX,170
ADJ,AUX,ADV,170
NUM,NOUN,AUX,170
PUNCT,CCONJ,NOUN,170
PRON,CCONJ,ADV,169
ADJ,ADP,ADJ,168
PUNCT,PUNCT,VERB,168
ADV,PUNCT,CCONJ,167
ADJ,PRON,ADP,166
VERB,ADJ,VERB,166
PUNCT,VERB,DET,165
NOUN,SCONJ,NOUN,165
PROPN,VERB,VERB,165
PUNCT,AUX,PRON,165
CCONJ,ADV,SCONJ,165
CCONJ,PROPN,PROPN,165
AUX,ADV,PUNCT,164
AUX,PROPN,CCONJ,164
DET,VERB,ADP,164
ADV,PRON,PUNCT,164
PUNCT,PROPN,PROPN,163
NOUN,PUNCT,ADJ,163
NUM,VERB,PUNCT,162
SCONJ,PRON,NUM,162
PUNCT,CCONJ,VERB,161
PRON,NOUN,SCONJ,160
PUNCT,PUNCT,PUNCT,160
PRON,AUX,PUNCT,160
NOUN,NOUN,NOUN,159
NOUN,PRON,DET,159
CCONJ,ADJ,ADP,159
PUNCT,ADJ,NOUN,157
PRON,PROPN,VERB,157
VERB,VERB,DET,157
NOUN,ADJ,ADV,157
ADV,AUX,NOUN,157
INTJ,PRON,AUX,156
SCONJ,NOUN,VERB,155
ADJ,ADP,AUX,155
PROPN,ADP,PRON,155
NOUN,SCONJ,DET,155
CCONJ,NOUN,PRON,154
ADJ,PUNCT,PUNCT,154
VERB,ADJ,SCONJ,153
AUX,NOUN,ADV,153
DET,ADJ,ADV,153
PROPN,PUNCT,PUNCT,152
CCONJ,NOUN,NOUN,152
ADV,NOUN,PRON,152
DET,PROPN,AUX,152
ADP,ADJ,PUNCT,152
SCONJ,ADV,PRON,152
DET,PRON,NOUN,151
PROPN,CCONJ,VERB,151
NUM,CCONJ,NUM,151
ADJ,ADV,DET,150
ADP,DET,NUM,149
ADP,NOUN,SCONJ,149
VERB,AUX,ADP,148
NOUN,NUM,ADV,148
ADV,NOUN,ADV,147
DET,ADV,NOUN,147
PUNCT,CCONJ,ADP,147
PUNCT,SYM,SYM,146
ADJ,ADV,PRON,146
VERB,PUNCT,ADP,145
ADP,ADJ,ADP,144
ADP,NOUN,PRON,144
PROPN,PUNCT,PRON,143
CCONJ,SCONJ,ADV,143
ADJ,ADV,AUX,143
PROPN,ADV,VERB,143
CCONJ,AUX,ADV,142
CCONJ,PRON,ADP,142
SCONJ,NOUN,PRON,141
VERB,PUNCT,SCONJ,141
PRON,PRON,DET,140
NOUN,PROPN,PROPN,139
VERB,NOUN,NOUN,139
ADP,CCONJ,DET,139
ADV,PUNCT,PUNCT,139
VERB,VERB,ADJ,139
CCONJ,VERB,SCONJ,138
VERB,NOUN,AUX,137
PROPN,ADP,VERB,137
ADV,CCONJ,NOUN,137
AUX,CCONJ,SCONJ,136
VERB,VERB,SCONJ,136
ADJ,ADP,ADV,134
ADV,VERB,NUM,134
VERB,SCONJ,ADP,134
PRON,ADP,ADV,134
PROPN,ADV,PUNCT,133
PUNCT,PRON,NOUN,132
PRON,ADJ,PRON,132
ADJ,VERB,PROPN,132
NOUN,PROPN,CCONJ,132
VERB,CCONJ,PROPN,131
PROPN,PRON,VERB,131
CCONJ,ADP,ADP,130
VERB,VERB,AUX,130
PROPN,ADJ,PUNCT,130
PUNCT,NUM,NOUN,129
NOUN,ADJ,SCONJ,129
DET,VERB,CCONJ,129
ADP,NOUN,PROPN,128
DET,VERB,AUX,128
ADV,CCONJ,DET,128
NOUN,AUX,SCONJ,127
ADV,PRON,DET,127
CCONJ,DET,PROPN,126
VERB,AUX,DET,126
NOUN,NOUN,ADJ,125
PROPN,ADV,ADV,125
SCONJ,ADV,NOUN,125
ADJ,NOUN,PROPN,124
ADJ,PRON,NOUN,124
ADP,DET,PRON,124
ADP,AUX,PUNCT,124
VERB,NOUN,PRON,124
ADJ,SCONJ,ADV,123
SCONJ,NOUN,ADJ,123
ADP,NOUN,DET,122
VERB,DET,PROPN,122
PROPN,ADP,PUNCT,122
ADV,PROPN,PUNCT,122
PROPN,VERB,PROPN,121
VERB,ADJ,PRON,121
NUM,DET,NOUN,121
ADJ,PROPN,PUNCT,121
ADV,PUNCT,PRON,121
ADV,AUX,PROPN,121
DET,PROPN,ADP,120
NUM,ADJ,NOUN,120
PROPN,PROPN,ADP,120
AUX,ADJ,AUX,120
ADV,PUNCT,VERB,119
ADV,ADP,SCONJ,118
NOUN,PUNCT,SYM,118
SCONJ,NOUN,CCONJ,116
CCONJ,VERB,AUX,116
VERB,PROPN,ADJ,116
PRON,ADP,NUM,116
AUX,PRON,NUM,116
NOUN,NUM,CCONJ,116
PROPN,PUNCT,CCONJ,116
PROPN,PUNCT,VERB,116
PROPN,CCONJ,ADP,115
CCONJ,ADP,ADV,115
ADJ,VERB,DET,115
ADJ,AUX,DET,115
AUX,AUX,PUNCT,115
ADV,ADP,NUM,114
CCONJ,ADJ,ADV,114
ADJ,PUNCT,PRON,113
NOUN,PUNCT,SCONJ,113
ADV,NUM,PUNCT,112
AUX,ADP,ADJ,112
VERB,AUX,AUX,112
PROPN,PRON,NOUN,112
PROPN,PROPN,AUX,112
ADP,ADV,CCONJ,111
PRON,PROPN,PUNCT,111
VERB,CCONJ,PUNCT,111
AUX,ADP,ADP,110
PROPN,VERB,NOUN,110
ADP,NUM,PROPN,109
CCONJ,PROPN,ADP,108
ADV,DET,VERB,108
PRON,CCONJ,VERB,108
PUNCT,INTJ,PUNCT,107
NOUN,AUX,NUM,106
ADP,ADV,ADV,106
SYM,VERB,PUNCT,105
ADJ,NOUN,DET,105
NUM,PUNCT,NUM,104
ADP,PROPN,NOUN,104
ADP,NOUN,ADJ,104
VERB,VERB,NOUN,104
ADP,ADV,ADJ,103
NOUN,NUM,DET,103
ADJ,CCONJ,AUX,103
ADP,CCONJ,NOUN,103
INTJ,PUNCT,PRON,103
ADV,AUX,ADJ,102
ADJ,VERB,NOUN,102
PROPN,NOUN,VERB,102
ADP,PUNCT,CCONJ,101
CCONJ,SCONJ,NOUN,101
PROPN,AUX,PUNCT,101
ADV,AUX,PUNCT,101
AUX,VERB,NOUN,101
PUNCT,ADP,NOUN,100
VERB,PROPN,DET,100
VERB,PUNCT,AUX,100
ADV,SCONJ,ADV,100
PRON,SCONJ,DET,100
PUNCT,ADJ,CCONJ,99
VERB,PUNCT,DET,99
NUM,ADV,DET,99
PRON,AUX,CCONJ,98
NUM,NOUN,DET,98
ADJ,SCONJ,ADP,98
PUNCT,VERB,ADP,98
ADV,NUM,ADP,98
ADP,VERB,NOUN,97
ADP,ADV,PRON,97
PUNCT,NOUN,AUX,97
CCONJ,PRON,PUNCT,96
NOUN,ADV,SCONJ,96
AUX,ADP,NUM,96
NOUN,PUNCT,NUM,96
VERB,AUX,SCONJ,96
NOUN,NUM,AUX,96
ADV,AUX,ADP,95
CCONJ,DET,VERB,95
ADP,ADV,VERB,95
ADP,PROPN,ADV,94
AUX,CCONJ,DET,94
PROPN,NUM,PUNCT,94
NUM,CCONJ,PRON,93
NUM,PROPN,PUNCT,93
ADV,PUNCT,NOUN,93
PUNCT,VERB,ADV,93
DET,ADJ,PROPN,93
ADV,INTJ,PUNCT,92
VERB,SCONJ,SCONJ,92
AUX,DET,PROPN,92
AUX,ADJ,PRON,92
NUM,VERB,PRON,91
ADP,ADJ,CCONJ,91
PROPN,ADV,ADP,91
AUX,PROPN,PROPN,91
AUX,NOUN,ADJ,90
NOUN,PROPN,ADP,90
ADP,PRON,DET,89
AUX,CCONJ,ADJ,89
ADJ,INTJ,PUNCT,89
ADP,ADV,NOUN,89
AUX,CCONJ,ADP,89
DET,NOUN,SYM,88
CCONJ,AUX,ADJ,88
PRON,DET,VERB,88
ADP,ADP,AUX,88
ADJ,ADV,NOUN,88
NOUN,PROPN,AUX,87
AUX,SCONJ,DET,87
ADJ,PRON,AUX,87
PUNCT,ADV,PUNCT,87
VERB,SCONJ,PROPN,87
VERB,NOUN,PROPN,86
SYM,NOUN,PUNCT,86
ADP,ADP,PROPN,86
ADJ,ADV,CCONJ,86
ADV,AUX,AUX,86
PRON,PUNCT,PUNCT,86
DET,VERB,VERB,85
ADV,PUNCT,ADV,85
ADP,NUM,PUNCT,85
VERB,PROPN,VERB,85
VERB,ADV,PROPN,85
CCONJ,AUX,VERB,84
CCONJ,ADP,ADJ,84
ADP,NUM,ADP,84
NOUN,SCONJ,PUNCT,84
PROPN,PRON,AUX,84
PRON,AUX,SCONJ,83
ADP,ADJ,ADJ,83
ADP,ADJ,VERB,83
VERB,SCONJ,PUNCT,83
ADP,ADJ,DET,83
ADJ,CCONJ,PROPN,82
SCONJ,PUNCT,PRON,82
PUNCT,ADP,PRON,82
VERB,VERB,PROPN,82
ADV,NOUN,ADJ,82
ADJ,PRON,PRON,82
ADV,PROPN,VERB,81
PUNCT,NUM,PUNCT,81
PUNCT,ADV,ADV,81
INTJ,INTJ,PUNCT,80
ADV,CCONJ,ADP,80
PROPN,VERB,SCONJ,80
ADP,VERB,DET,79
PUNCT,VERB,NOUN,79
CCONJ,NOUN,ADJ,79
CCONJ,ADP,PUNCT,79
VERB,NOUN,DET,79
VERB,PROPN,PRON,78
NOUN,VERB,NUM,78
CCONJ,VERB,PROPN,78
PUNCT,NOUN,NOUN,78
PROPN,DET,ADJ,78
ADJ,NUM,NOUN,78
NUM,NOUN,NUM,77
SCONJ,ADV,ADJ,77
SCONJ,PUNCT,NOUN,77
SCONJ,ADJ,NOUN,77
VERB,INTJ,PUNCT,77
ADV,NOUN,NOUN,76
CCONJ,NOUN,DET,76
SCONJ,PRON,PROPN,76
SCONJ,PRON,PUNCT,76
PUNCT,DET,ADJ,76
AUX,PROPN,ADV,76
PUNCT,CCONJ,ADJ,76
ADJ,ADV,SCONJ,76
NOUN,CCONJ,PUNCT,76
ADV,NUM,CCONJ,76
AUX,AUX,VERB,76
PROPN,SCONJ,PRON,76
PRON,PRON,CCONJ,75
ADJ,PUNCT,ADV,75
SCONJ,NOUN,NOUN,75
PUNCT,ADV,ADP,75
PUNCT,NOUN,ADV,75
AUX,VERB,DET,75
ADV,DET,PROPN,75
CCONJ,ADP,NUM,74
SCONJ,VERB,PUNCT,74
PUNCT,NOUN,ADP,74
PROPN,NUM,PROPN,74
AUX,PUNCT,CCONJ,74
VERB,ADP,SCONJ,74
AUX,ADP,ADV,74
ADV,CCONJ,SCONJ,74
ADJ,PRON,ADV,74
ADP,PRON,NUM,74
NUM,ADP,NUM,74
ADV,PRON,CCONJ,73
PUNCT,PROPN,VERB,73
CCONJ,ADJ,DET,73
VERB,PUNCT,ADJ,73
CCONJ,NOUN,PROPN,73
NOUN,NOUN,PRON,72
AUX,DET,VERB,72
ADP,PROPN,DET,72
NOUN,SCONJ,PROPN,72
NOUN,SYM,PUNCT,72
DET,ADJ,PRON,71
VERB,SCONJ,VERB,71
AUX,NOUN,NOUN,71
SCONJ,NOUN,AUX,71
VERB,PUNCT,SYM,71
VERB,DET,VERB,71
PROPN,PROPN,NOUN,71
PRON,DET,PROPN,71
CCONJ,AUX,DET,70
SCONJ,PROPN,PUNCT,70
AUX,PROPN,ADP,70
ADJ,ADP,SCONJ,70
PRON,CCONJ,PROPN,69
NUM,PUNCT,VERB,69
AUX,ADV,SCONJ,69
PRON,PROPN,CCONJ,69
AUX,PRON,AUX,68
PRON,PUNCT,CCONJ,68
DET,ADV,ADJ,68
PRON,VERB,SYM,68
ADP,DET,SYM,68
DET,PROPN,NOUN,68
ADP,DET,PUNCT,68
AUX,CCONJ,NOUN,68
ADJ,PUNCT,NOUN,67
ADP,NUM,VERB,67
ADV,NUM,VERB,67
NOUN,PUNCT,AUX,67
PRON,SCONJ,NOUN,67
NOUN,ADP,SCONJ,66
ADJ,PUNCT,VERB,66
PROPN,ADV,ADJ,66
ADP,AUX,CCONJ,66
SCONJ,NUM,NOUN,66
ADP,PROPN,PRON,66
AUX,PRON,PROPN,65
PUNCT,PRON,ADV,65
SYM,PROPN,PUNCT,65
CCONJ,PRON,CCONJ,64
CCONJ,ADV,CCONJ,64
AUX,CCONJ,VERB,64
PUNCT,ADV,PRON,64
NOUN,ADV,NUM,63
ADP,PRON,PROPN,63
NOUN,SCONJ,ADV,63
SCONJ,ADP,VERB,63
PROPN,NOUN,CCONJ,63
VERB,ADP,SYM,63
NOUN,PRON,PUNCT,63
PUNCT,CCONJ,PROPN,63
CCONJ,PROPN,ADV,62
NUM,NOUN,PRON,62
PRON,AUX,AUX,62
ADP,SYM,PUNCT,62
PROPN,ADP,ADP,62
VERB,SCONJ,ADJ,61
ADP,DET,ADV,61
CCONJ,ADV,NUM,61
NUM,PROPN,NUM,61
NUM,AUX,VERB,61
CCONJ,DET,ADV,61
VERB,DET,ADV,61
NOUN,SYM,SYM,61
ADP,NUM,SYM,60
SCONJ,VERB,PRON,60
PRON,CCONJ,NOUN,60
SYM,CCONJ,PRON,60
VERB,NOUN,SCONJ,60
PRON,NUM,AUX,60
ADP,AUX,ADV,60
NUM,VERB,ADV,59
DET,ADJ,SCONJ,59
NUM,VERB,CCONJ,59
AUX,ADP,PUNCT,59
INTJ,ADV,VERB,59
INTJ,CCONJ,PRON,59
PRON,PUNCT,PRON,58
PROPN,CCONJ,ADJ,58
ADV,NOUN,SCONJ,58
ADV,AUX,CCONJ,58
AUX,PROPN,VERB,58
SCONJ,ADV,VERB,58
PROPN,PUNCT,DET,57
AUX,PUNCT,VERB,57
CCONJ,INTJ,PRON,57
AUX,PRON,SCONJ,57
SCONJ,PROPN,ADV,57
ADV,ADV,PROPN,57
PRON,ADP,SCONJ,57
NUM,ADP,PRON,57
SCONJ,NOUN,DET,57
PRON,NUM,VERB,57
PUNCT,ADV,ADJ,57
NOUN,NUM,ADP,56
ADP,DET,ADP,56
ADP,ADV,SCONJ,56
SYM,CCONJ,NOUN,56
ADP,SCONJ,DET,56
PROPN,PUNCT,ADV,56
NOUN,SCONJ,ADP,56
NUM,SYM,NOUN,55
PRON,CCONJ,DET,55
NOUN,ADJ,DET,55
NUM,AUX,ADV,55
INTJ,PUNCT,VERB,55
PROPN,NOUN,ADP,55
SCONJ,PROPN,CCONJ,55
PRON,VERB,INTJ,55
ADV,PROPN,CCONJ,54
VERB,PROPN,NOUN,54
PROPN,VERB,AUX,54
NOUN,ADP,SYM,54
SCONJ,ADV,ADP,54
NUM,PROPN,VERB,54
AUX,NOUN,PRON,54
ADJ,PUNCT,SYM,54
SYM,CCONJ,ADV,54
ADP,PUNCT,PRON,54
NOUN,PRON,PROPN,53
ADJ,PRON,ADJ,53
INTJ,VERB,PRON,53
PRON,SCONJ,NUM,53
SCONJ,ADP,NOUN,53
PUNCT,CCONJ,PUNCT,53
ADP,ADJ,NUM,52
PRON,PROPN,PROPN,52
DET,PRON,VERB,52
AUX,SCONJ,NOUN,52
PRON,DET,ADV,52
ADV,PUNCT,SCONJ,52
SCONJ,ADV,PUNCT,52
NOUN,VERB,INTJ,52
PUNCT,PROPN,AUX,51
ADP,CCONJ,SCONJ,51
CCONJ,PUNCT,PRON,51
PROPN,PUNCT,ADJ,51
PRON,PUNCT,VERB,51
ADJ,ADJ,PRON,51
AUX,PROPN,ADJ,51
INTJ,DET,NOUN,50
SCONJ,AUX,PRON,50
SYM,INTJ,PUNCT,50
SCONJ,DET,PROPN,50
AUX,SCONJ,ADV,50
DET,VERB,ADV,50
ADV,PRON,SCONJ,50
CCONJ,INTJ,PUNCT,50
PRON,ADV,PROPN,50
ADJ,SCONJ,ADJ,49
PUNCT,ADJ,ADJ,49
SYM,NOUN,CCONJ,49
PUNCT,ADP,VERB,49
ADJ,ADJ,DET,49
CCONJ,ADP,CCONJ,48
SYM,CCONJ,PROPN,48
PROPN,PROPN,ADV,48
VERB,PUNCT,PROPN,48
NUM,CCONJ,ADV,48
PUNCT,VERB,VERB,48
SCONJ,ADP,PUNCT,48
PROPN,SYM,PUNCT,48
SYM,PUNCT,PUNCT,47
NOUN,NOUN,NUM,47
NUM,VERB,DET,47
PROPN,PUNCT,SYM,47
PROPN,ADJ,NOUN,47
AUX,AUX,ADV,47
ADJ,PROPN,VERB,47
INTJ,NOUN,PUNCT,47
VERB,ADP,AUX,47
VERB,ADJ,AUX,46
NUM,VERB,ADP,46
DET,ADJ,DET,46
ADJ,SCONJ,SCONJ,46
INTJ,PUNCT,PUNCT,46
AUX,PRON,CCONJ,46
ADJ,PUNCT,SCONJ,45
ADP,PUNCT,PUNCT,45
DET,PROPN,ADV,45
CCONJ,PROPN,DET,45
ADP,PRON,SCONJ,45
DET,ADV,VERB,45
ADP,ADP,ADV,45
ADV,SCONJ,ADP,45
AUX,PUNCT,PRON,45
DET,SYM,CCONJ,45
AUX,PUNCT,ADV,45
CCONJ,PRON,DET,45
DET,PUNCT,NOUN,45
ADP,PROPN,ADJ,45
PUNCT,ADJ,VERB,44
ADP,PUNCT,NOUN,44
PROPN,SYM,SYM,44
NUM,AUX,PRON,44
CCONJ,NUM,PUNCT,44
CCONJ,PROPN,PRON,44
ADP,NOUN,SYM,44
PRON,PROPN,AUX,44
PROPN,ADJ,ADP,44
SYM,ADP,NOUN,43
AUX,AUX,CCONJ,43
PUNCT,SCONJ,NOUN,43
ADJ,SCONJ,PROPN,43
PROPN,ADP,CCONJ,43
ADJ,VERB,ADJ,43
DET,PRON,ADP,43
AUX,VERB,PROPN,43
PUNCT,SCONJ,DET,43
NOUN,CCONJ,CCONJ,43
AUX,AUX,SCONJ,43
SCONJ,PROPN,PROPN,43
NOUN,SYM,CCONJ,43
ADV,SYM,PUNCT,43
DET,SYM,NOUN,43
VERB,DET,PRON,42
AUX,ADV,CCONJ,42
ADJ,AUX,PROPN,42
DET,NUM,PUNCT,42
PRON,PUNCT,NOUN,42
ADV,AUX,SCONJ,42
INTJ,VERB,PROPN,42
PRON,NOUN,NUM,42
ADP,PROPN,NUM,42
NUM,DET,ADJ,42
ADV,SYM,SYM,42
DET,SYM,PUNCT,42
CCONJ,NOUN,SCONJ,42
NUM,ADP,PUNCT,42
NOUN,DET,VERB,42
ADJ,PRON,PUNCT,41
PROPN,PROPN,PRON,41
ADJ,NOUN,NUM,41
DET,ADV,PUNCT,41
DET,ADP,DET,41
PROPN,NOUN,AUX,41
PROPN,PRON,ADV,41
PUNCT,PRON,PRON,41
PRON,PROPN,ADV,41
PROPN,ADJ,ADJ,41
ADV,DET,DET,41
ADJ,AUX,ADJ,40
ADP,ADV,NUM,40
ADP,CCONJ,AUX,40
NUM,ADP,NOUN,40
ADV,PUNCT,DET,40
ADV,NUM,ADJ,40
CCONJ,AUX,ADP,40
SCONJ,PRON,CCONJ,40
ADP,ADP,ADJ,40
ADP,AUX,AUX,40
ADP,ADV,AUX,40
SYM,SYM,CCONJ,40
PROPN,AUX,NUM,39
SYM,SYM,VERB,39
NOUN,NOUN,SCONJ,39
ADP,SYM,VERB,39
NOUN,NOUN,DET,39
DET,ADJ,NUM,39
SYM,VERB,PRON,39
ADJ,SCONJ,VERB,39
ADV,CCONJ,ADJ,39
NOUN,DET,PROPN,39
ADJ,AUX,NOUN,39
VERB,PRON,SYM,39
PROPN,AUX,CCONJ,39
ADP,PROPN,SCONJ,39
PUNCT,ADV,DET,39
ADP,ADJ,AUX,39
CCONJ,ADJ,SCONJ,39
AUX,ADP,CCONJ,38
PROPN,ADV,DET,38
PROPN,PROPN,DET,38
ADV,PUNCT,ADP,38
PUNCT,AUX,ADJ,38
PRON,ADJ,PROPN,38
SCONJ,ADJ,VERB,38
CCONJ,SCONJ,PROPN,38
SCONJ,PROPN,ADP,38
SCONJ,PRON,SCONJ,38
NOUN,ADV,PROPN,38
PROPN,ADJ,CCONJ,38
VERB,CCONJ,CCONJ,38
SCONJ,ADP,PRON,38
ADJ,CCONJ,PUNCT,38
PROPN,PROPN,SYM,38
NUM,ADV,VERB,37
ADP,CCONJ,PROPN,37
ADJ,PUNCT,ADP,37
CCONJ,NOUN,NUM,37
PRON,NUM,ADP,37
NOUN,PROPN,ADV,37
PROPN,NUM,NOUN,37
VERB,NOUN,NUM,37
PROPN,AUX,PROPN,37
CCONJ,ADJ,PRON,37
INTJ,PUNCT,CCONJ,37
PRON,SCONJ,ADV,37
PRON,PRON,SCONJ,37
VERB,DET,DET,37
SCONJ,PROPN,VERB,37
VERB,CCONJ,NUM,37
PUNCT,PUNCT,NOUN,37
SYM,DET,NOUN,36
VERB,NUM,ADP,36
PUNCT,PUNCT,PRON,36
INTJ,INTJ,PRON,36
AUX,PROPN,DET,36
PUNCT,AUX,ADV,36
AUX,PUNCT,AUX,36
PROPN,ADV,AUX,36
PRON,PUNCT,PROPN,36
NOUN,INTJ,PUNCT,36
AUX,AUX,DET,36
NOUN,ADJ,PRON,36
PUNCT,PRON,ADJ,36
AUX,NUM,PUNCT,36
DET,PROPN,NUM,36
ADV,SCONJ,PROPN,36
CCONJ,SYM,PUNCT,36
ADP,AUX,ADP,35
ADP,NUM,CCONJ,35
PROPN,PUNCT,ADP,35
PRON,PROPN,ADP,35
ADJ,ADP,NUM,35
VERB,AUX,NOUN,35
PROPN,PROPN,ADJ,35
CCONJ,DET,PRON,35
AUX,ADV,PROPN,35
VERB,DET,NUM,34
CCONJ,PROPN,NOUN,34
ADV,NOUN,DET,34
ADV,ADV,SYM,34
ADJ,PUNCT,DET,34
VERB,DET,SYM,34
ADJ,PUNCT,PROPN,34
AUX,NUM,VERB,34
SYM,PROPN,PROPN,34
PROPN,NUM,VERB,34
ADJ,PROPN,CCONJ,34
ADV,DET,NUM,34
PUNCT,ADV,SCONJ,34
ADV,PROPN,PROPN,34
NUM,PROPN,AUX,34
VERB,SYM,PUNCT,34
CCONJ,NUM,ADP,34
PROPN,ADJ,VERB,33
PROPN,NOUN,NOUN,33
CCONJ,NUM,VERB,33
PRON,PRON,PROPN,33
PRON,CCONJ,ADP,33
ADP,ADJ,ADV,33
INTJ,PUNCT,ADV,33
PUNCT,ADV,NOUN,33
ADV,PUNCT,ADJ,33
CCONJ,CCONJ,PRON,33
ADP,PUNCT,ADV,33
CCONJ,ADV,PROPN,33
ADV,PUNCT,SYM,33
PRON,ADP,SYM,33
SYM,PUNCT,SYM,32
PRON,PUNCT,ADV,32
CCONJ,AUX,NOUN,32
PROPN,PUNCT,AUX,32
INTJ,ADJ,PUNCT,32
DET,ADV,ADP,32
NOUN,SYM,NOUN,32
ADP,CCONJ,ADJ,32
ADP,ADJ,PROPN,32
PROPN,PROPN,NUM,32
ADP,NUM,ADJ,32
ADJ,PROPN,PROPN,32
SYM,VERB,CCONJ,32
SCONJ,VERB,CCONJ,32
ADV,DET,ADV,31
AUX,NOUN,DET,31
ADP,PUNCT,VERB,31
NUM,AUX,DET,31
ADP,NUM,ADV,31
DET,SYM,SYM,31
AUX,NOUN,PROPN,31
SCONJ,ADJ,ADP,31
INTJ,SCONJ,PRON,31
PUNCT,PUNCT,SYM,31
NOUN,SCONJ,VERB,31
ADP,SYM,ADP,31
CCONJ,SCONJ,ADJ,31
ADP,PUNCT,ADP,31
CCONJ,PUNCT,ADV,31
AUX,PUNCT,SCONJ,31
PRON,AUX,SYM,31
PRON,CCONJ,ADJ,30
AUX,PROPN,PRON,30
VERB,ADV,SYM,30
ADJ,NUM,PUNCT,30
AUX,DET,NUM,30
NOUN,PRON,CCONJ,30
ADP,VERB,PROPN,30
CCONJ,NUM,CCONJ,30
ADP,SYM,CCONJ,30
SYM,PUNCT,VERB,30
ADV,NUM,SYM,30
NOUN,NOUN,PROPN,30
NUM,CCONJ,DET,30
SCONJ,ADV,AUX,30
SYM,ADP,PROPN,30
SYM,SYM,PROPN,30
PRON,NUM,PUNCT,29
SYM,ADP,DET,29
DET,VERB,ADJ,29
ADV,CCONJ,PROPN,29
PUNCT,PUNCT,CCONJ,29
PROPN,PRON,ADJ,29
SCONJ,ADP,PROPN,29
NOUN,SYM,VERB,29
AUX,NUM,CCONJ,29
PROPN,ADV,CCONJ,29
ADV,ADV,INTJ,29
PROPN,PRON,ADP,29
DET,VERB,PRON,29
DET,ADV,ADV,29
ADJ,SCONJ,PUNCT,29
NUM,NUM,NUM,29
NOUN,ADJ,PROPN,29
NUM,ADV,ADV,29
SCONJ,PUNCT,VERB,29
PROPN,CCONJ,SCONJ,28
VERB,SCONJ,AUX,28
ADJ,NOUN,SYM,28
AUX,CCONJ,AUX,28
ADV,ADJ,PROPN,28
PROPN,SYM,PROPN,28
PUNCT,ADP,PROPN,28
CCONJ,SYM,CCONJ,28
AUX,DET,ADV,28
NOUN,PROPN,PRON,28
ADP,DET,DET,28
NUM,NUM,NOUN,28
PRON,CCONJ,SCONJ,28
NUM,ADV,ADJ,28
AUX,NOUN,NUM,28
AUX,VERB,ADJ,28
CCONJ,VERB,NUM,28
AUX,NUM,ADP,28
NOUN,PROPN,NOUN,28
SCONJ,ADJ,PUNCT,28
SYM,SYM,NOUN,27
VERB,PUNCT,INTJ,27
NUM,ADP,PROPN,27
INTJ,VERB,DET,27
ADP,PUNCT,DET,27
NUM,VERB,VERB,27
NUM,VERB,AUX,27
NUM,CCONJ,VERB,27
ADV,SCONJ,ADJ,27
NUM,SYM,ADP,27
AUX,PROPN,NOUN,27
ADP,NUM,AUX,27
AUX,NOUN,AUX,27
PUNCT,AUX,DET,27
NUM,SYM,PUNCT,27
PUNCT,NOUN,PRON,27
DET,PROPN,DET,27
NUM,NOUN,SCONJ,27
PUNCT,PRON,PUNCT,27
PRON,SYM,PUNCT,27
PRON,ADV,SYM,26
SYM,CCONJ,DET,26
SYM,PUNCT,CCONJ,26
VERB,AUX,PROPN,26
CCONJ,INTJ,VERB,26
INTJ,ADV,AUX,26
SCONJ,PROPN,DET,26
PRON,NUM,CCONJ,26
PUNCT,SCONJ,ADV,26
INTJ,INTJ,VERB,26
INTJ,PRON,NOUN,26
PROPN,CCONJ,SYM,26
NOUN,CCONJ,INTJ,26
SYM,PUNCT,NOUN,26
PRON,SCONJ,ADJ,26
ADV,NOUN,PROPN,26
PROPN,ADP,NUM,26
PUNCT,ADP,NUM,26
AUX,PUNCT,PUNCT,25
PUNCT,CCONJ,AUX,25
PUNCT,PUNCT,PROPN,25
CCONJ,PRON,PROPN,25
ADP,PUNCT,PROPN,25
DET,PROPN,PRON,25
AUX,AUX,ADP,25
PRON,ADV,INTJ,25
ADV,CCONJ,AUX,25
PRON,NUM,ADJ,25
ADV,PUNCT,PROPN,25
PROPN,ADJ,ADV,25
PUNCT,ADJ,ADP,25
NOUN,PUNCT,INTJ,25
SCONJ,ADJ,ADJ,25
ADV,ADJ,INTJ,25
SCONJ,PUNCT,DET,25
NOUN,CCONJ,SYM,25
DET,PRON,ADJ,25
SYM,CCONJ,VERB,24
VERB,NUM,PUNCT,24
ADV,DET,SYM,24
ADP,ADP,SCONJ,24
PUNCT,PROPN,SYM,24
PROPN,VERB,INTJ,24
ADV,SCONJ,VERB,24
SYM,NOUN,VERB,24
PUNCT,NOUN,ADJ,24
INTJ,ADV,ADV,24
PROPN,ADJ,AUX,24
PROPN,ADV,PRON,24
AUX,NUM,PROPN,24
VERB,SYM,CCONJ,24
ADP,ADP,NUM,24
SYM,NOUN,NOUN,24
PUNCT,NOUN,PROPN,24
PUNCT,NUM,CCONJ,24
ADP,SCONJ,ADP,24
DET,NUM,ADP,24
ADP,SYM,SYM,24
CCONJ,PUNCT,NOUN,24
AUX,AUX,ADJ,23
PROPN,ADP,ADJ,23
NUM,AUX,PUNCT,23
ADP,AUX,ADJ,23
VERB,SYM,SYM,23
NUM,SYM,CCONJ,23
SYM,CCONJ,SYM,23
AUX,SCONJ,ADJ,23
PRON,NOUN,SYM,23
SYM,NOUN,ADP,23
NOUN,NUM,PRON,23
SYM,VERB,ADP,23
NUM,ADJ,ADJ,23
CCONJ,INTJ,INTJ,23
ADV,SCONJ,SCONJ,23
PROPN,NUM,CCONJ,23
SCONJ,PROPN,ADJ,23
PRON,DET,DET,23
INTJ,SYM,PUNCT,22
SCONJ,DET,VERB,22
SCONJ,PROPN,PRON,22
VERB,NUM,ADJ,22
NUM,CCONJ,PROPN,22
SCONJ,SCONJ,DET,22
PUNCT,SCONJ,VERB,22
INTJ,INTJ,INTJ,22
CCONJ,NUM,AUX,22
PUNCT,AUX,VERB,22
ADV,DET,PRON,22
ADP,SCONJ,ADV,22
PUNCT,INTJ,INTJ,22
AUX,NOUN,SCONJ,22
ADV,PROPN,ADV,22
NUM,ADP,VERB,22
NUM,NOUN,PROPN,22
NUM,VERB,NOUN,22
PUNCT,VERB,ADJ,22
CCONJ,PROPN,ADJ,21
NUM,PROPN,ADJ,21
PUNCT,SYM,CCONJ,21
NUM,ADV,PUNCT,21
NOUN,NUM,ADJ,21
SCONJ,ADJ,DET,21
ADP,PUNCT,SCONJ,21
NOUN,DET,PRON,21
PRON,DET,NUM,21
AUX,ADJ,NUM,21
NUM,PROPN,ADP,21
CCONJ,CCONJ,ADV,21
SYM,PUNCT,PROPN,21
AUX,ADV,SYM,21
NUM,PRON,VERB,21
DET,PRON,ADV,21
NUM,CCONJ,NOUN,21
PROPN,PUNCT,NUM,20
PRON,INTJ,PUNCT,20
PRON,DET,PRON,20
CCONJ,PROPN,NUM,20
DET,VERB,SCONJ,20
PRON,SCONJ,PROPN,20
DET,PROPN,SCONJ,20
ADP,AUX,SCONJ,20
NUM,PUNCT,NOUN,20
ADV,SCONJ,PUNCT,20
ADJ,PRON,CCONJ,20
VERB,PROPN,SCONJ,20
ADV,SYM,CCONJ,20
SYM,ADP,PRON,20
PROPN,NUM,AUX,20
SCONJ,NOUN,SCONJ,20
VERB,PRON,INTJ,20
DET,ADP,NOUN,20
ADP,PROPN,SYM,20
DET,ADP,VERB,20
PRON,PUNCT,DET,20
ADJ,SYM,PUNCT,20
PROPN,CCONJ,AUX,20
PUNCT,PRON,ADP,19
PRON,PUNCT,SYM,19
NOUN,PROPN,ADJ,19
NUM,PUNCT,PUNCT,19
DET,PROPN,ADJ,19
AUX,DET,SYM,19
PUNCT,DET,PROPN,19
CCONJ,SYM,SYM,19
VERB,NUM,CCONJ,19
SYM,ADJ,PUNCT,19
SCONJ,PUNCT,PROPN,19
ADV,PROPN,AUX,19
DET,ADV,DET,19
VERB,CCONJ,INTJ,19
PUNCT,SCONJ,PROPN,19
ADP,ADJ,SCONJ,19
DET,PRON,AUX,19
CCONJ,CCONJ,VERB,19
CCONJ,NUM,ADJ,19
CCONJ,INTJ,ADV,19
ADV,PUNCT,AUX,19
PUNCT,PROPN,NOUN,19
PROPN,VERB,NUM,19
AUX,PRON,SYM,19
SCONJ,NOUN,PROPN,19
NOUN,NUM,SYM,19
INTJ,ADJ,VERB,19
PROPN,DET,PROPN,19
VERB,CCONJ,SYM,19
ADP,AUX,DET,19
ADJ,DET,VERB,19
PRON,PRON,NUM,19
ADJ,PROPN,AUX,19
NOUN,NUM,PROPN,18
ADP,SCONJ,NOUN,18
NOUN,SCONJ,ADJ,18
SCONJ,ADJ,AUX,18
ADV,DET,ADP,18
INTJ,VERB,ADV,18
SCONJ,ADV,NUM,18
NUM,AUX,ADJ,18
AUX,SCONJ,ADP,18
ADP,INTJ,PUNCT,18
VERB,NUM,VERB,18
VERB,SYM,VERB,18
INTJ,PROPN,PUNCT,18
ADJ,ADJ,INTJ,18
PUNCT,INTJ,PRON,18
DET,NUM,VERB,18
AUX,ADP,SYM,18
CCONJ,CCONJ,NOUN,18
DET,NUM,DET,18
DET,NOUN,INTJ,18
PROPN,SYM,VERB,18
ADJ,CCONJ,NUM,18
ADV,CCONJ,PUNCT,18
NOUN,PRON,SCONJ,18
SYM,ADV,PUNCT,18
ADV,NUM,PROPN,18
ADP,ADJ,PRON,18
PUNCT,ADJ,ADV,18
CCONJ,PRON,SCONJ,18
SCONJ,SCONJ,ADV,18
NOUN,VERB,SYM,17
ADV,PROPN,ADP,17
SYM,VERB,PROPN,17
ADP,SYM,NOUN,17
AUX,PROPN,NUM,17
NUM,ADV,ADP,17
INTJ,ADJ,ADV,17
PUNCT,DET,VERB,17
PRON,DET,SYM,17
INTJ,PUNCT,PROPN,17
PUNCT,ADJ,AUX,17
PRON,SYM,VERB,17
ADP,PUNCT,SYM,17
NOUN,SYM,ADP,17
NUM,ADV,CCONJ,17
PROPN,AUX,AUX,17
PROPN,PRON,PUNCT,17
CCONJ,DET,NUM,17
PUNCT,ADP,PUNCT,17
AUX,DET,PRON,17
PRON,PROPN,NOUN,17
PROPN,NOUN,NUM,17
NOUN,DET,DET,17
ADP,PUNCT,ADJ,17
NUM,ADP,ADJ,17
NUM,ADJ,PUNCT,17
ADJ,NUM,VERB,17
NOUN,PROPN,DET,17
INTJ,INTJ,ADV,17
DET,ADJ,SYM,17
VERB,ADV,INTJ,17
AUX,AUX,AUX,17
PRON,PUNCT,ADJ,17
PUNCT,NOUN,SYM,17
SCONJ,DET,ADV,17
PRON,SYM,CCONJ,17
ADV,NUM,ADV,17
INTJ,CCONJ,SCONJ,17
PRON,PUNCT,SCONJ,17
AUX,PUNCT,NOUN,16
PRON,SYM,SYM,16
NUM,VERB,SCONJ,16
ADV,ADP,SYM,16
ADV,ADJ,NUM,16
PUNCT,NOUN,DET,16
AUX,CCONJ,PROPN,16
SYM,NUM,PUNCT,16
NOUN,DET,PUNCT,16
ADJ,ADV,NUM,16
INTJ,CCONJ,ADV,16
VERB,NOUN,SYM,16
INTJ,CCONJ,INTJ,16
PUNCT,VERB,AUX,16
ADJ,PROPN,ADP,16
INTJ,ADV,PUNCT,16
NUM,CCONJ,ADP,16
VERB,DET,PUNCT,16
PRON,PUNCT,ADP,16
NOUN,DET,ADV,16
NUM,PROPN,CCONJ,16
SYM,SYM,ADP,16
PUNCT,PUNCT,ADV,16
SYM,VERB,ADV,16
VERB,PROPN,SYM,16
SCONJ,ADP,CCONJ,16
PROPN,ADV,NOUN,16
ADJ,CCONJ,CCONJ,16
NUM,SCONJ,PRON,16
PRON,PROPN,ADJ,16
SCONJ,PUNCT,ADV,16
ADP,PRON,SYM,16
INTJ,ADV,PRON,16
NOUN,DET,CCONJ,15
DET,VERB,PROPN,15
DET,PRON,PRON,15
PUNCT,PRON,DET,15
PUNCT,CCONJ,NUM,15
AUX,NUM,SYM,15
CCONJ,DET,SYM,15
PROPN,PRON,PRON,15
DET,DET,ADJ,15
SCONJ,DET,NUM,15
INTJ,ADP,DET,15
PUNCT,PUNCT,INTJ,15
NUM,CCONJ,ADJ,15
CCONJ,CCONJ,DET,15
PUNCT,CCONJ,INTJ,15
PRON,PUNCT,AUX,15
NUM,PRON,ADV,15
ADJ,ADV,PROPN,15
VERB,INTJ,PRON,15
AUX,SYM,VERB,15
NOUN,DET,ADP,15
INTJ,VERB,PUNCT,15
VERB,PROPN,NUM,15
ADJ,PROPN,NOUN,15
ADJ,PUNCT,AUX,15
CCONJ,PRON,NUM,15
SCONJ,PROPN,AUX,15
SYM,PUNCT,NUM,15
NUM,PUNCT,PROPN,15
DET,NUM,ADV,15
NOUN,SYM,PROPN,15
NOUN,PRON,NUM,15
ADV,INTJ,PRON,15
CCONJ,ADP,SCONJ,15
PRON,PROPN,NUM,15
PRON,ADJ,NUM,15
PUNCT,PROPN,ADP,15
NOUN,NUM,NUM,14
NOUN,NOUN,SYM,14
PUNCT,INTJ,SYM,14
CCONJ,DET,DET,14
SCONJ,ADJ,PRON,14
VERB,INTJ,INTJ,14
NOUN,SCONJ,SCONJ,14
ADP,NUM,NUM,14
AUX,SCONJ,SCONJ,14
PROPN,PRON,DET,14
PUNCT,INTJ,ADV,14
ADJ,NUM,CCONJ,14
ADV,NUM,AUX,14
SYM,PRON,AUX,14
NOUN,SYM,ADV,14
ADV,PROPN,NOUN,14
SCONJ,VERB,ADV,14
SCONJ,ADJ,ADV,14
NOUN,PUNCT,X,14
ADV,ADJ,SYM,14
PROPN,NUM,ADP,14
NOUN,ADV,INTJ,14
PROPN,NOUN,ADV,14
PUNCT,DET,SYM,14
ADJ,NUM,ADP,14
CCONJ,NUM,PROPN,14
INTJ,SYM,INTJ,14
PROPN,CCONJ,NUM,14
CCONJ,SCONJ,ADP,14
DET,VERB,DET,14
SYM,CCONJ,ADP,14
PUNCT,NUM,SYM,14
VERB,DET,ADP,14
VERB,PROPN,AUX,14
SYM,PROPN,CCONJ,13
CCONJ,ADJ,PROPN,13
ADJ,PRON,DET,13
SCONJ,PRON,SYM,13
DET,SYM,VERB,13
ADP,CCONJ,PUNCT,13
VERB,INTJ,ADV,13
PRON,SYM,NOUN,13
NUM,SYM,SYM,13
PROPN,PUNCT,INTJ,13
ADV,SYM,ADP,13
SCONJ,SCONJ,NOUN,13
NUM,ADP,ADP,13
ADV,SYM,VERB,13
AUX,AUX,NOUN,13
ADV,AUX,NUM,13
PUNCT,NOUN,NUM,13
DET,ADP,PUNCT,13
PROPN,ADP,SYM,13
PUNCT,AUX,NOUN,13
SYM,PROPN,VERB,13
SCONJ,ADJ,CCONJ,13
DET,NUM,CCONJ,13
PUNCT,NUM,VERB,13
ADV,NOUN,NUM,13
INTJ,PUNCT,SYM,13
AUX,ADJ,PROPN,13
PROPN,SYM,CCONJ,13
ADV,PROPN,PRON,13
PUNCT,ADP,ADJ,13
NUM,PUNCT,PRON,13
ADJ,ADJ,PROPN,13
SCONJ,NOUN,NUM,13
SCONJ,PUNCT,ADP,13
VERB,ADJ,NUM,13
INTJ,SYM,SYM,13
ADV,INTJ,ADV,13
NUM,PUNCT,CCONJ,13
DET,ADP,CCONJ,13
NUM,AUX,AUX,13
CCONJ,NOUN,SYM,13
VERB,NUM,SYM,13
INTJ,PUNCT,NOUN,13
ADJ,SCONJ,NUM,13
SCONJ,VERB,NOUN,13
VERB,INTJ,CCONJ,13
VERB,SYM,ADP,12
ADJ,SYM,CCONJ,12
AUX,PUNCT,ADP,12
SCONJ,VERB,ADP,12
SYM,PROPN,SYM,12
SYM,AUX,PRON,12
SYM,ADV,VERB,12
DET,ADP,PRON,12
SCONJ,PROPN,NOUN,12
DET,ADV,CCONJ,12
PROPN,ADP,AUX,12
AUX,DET,DET,12
DET,NOUN,X,12
NUM,PUNCT,ADV,12
ADJ,CCONJ,INTJ,12
ADV,NUM,NUM,12
VERB,PUNCT,NUM,12
INTJ,NOUN,CCONJ,12
PUNCT,SCONJ,PUNCT,12
NUM,SYM,ADJ,12
PROPN,NOUN,PRON,12
VERB,ADJ,INTJ,12
NUM,PROPN,PROPN,12
ADP,SCONJ,PROPN,12
DET,PROPN,SYM,12
DET,PUNCT,ADJ,12
DET,ADP,ADP,12
PROPN,ADP,ADV,12
SYM,INTJ,PRON,12
ADJ,ADV,INTJ,12
PROPN,ADJ,DET,12
ADP,AUX,NOUN,11
ADP,ADP,SYM,11
VERB,SYM,ADJ,11
CCONJ,NUM,ADV,11
PRON,CCONJ,PUNCT,11
PUNCT,ADJ,DET,11
ADP,NUM,DET,11
PROPN,SCONJ,NOUN,11
AUX,PUNCT,ADJ,11
SCONJ,ADP,ADP,11
PRON,NOUN,INTJ,11
PUNCT,PUNCT,ADP,11
INTJ,PUNCT,ADJ,11
AUX,ADJ,INTJ,11
PROPN,PUNCT,SCONJ,11
CCONJ,ADV,SYM,11
SCONJ,SYM,PUNCT,11
DET,PRON,PUNCT,11
PRON,SCONJ,ADP,11
CCONJ,CCONJ,ADP,11
VERB,ADJ,PROPN,11
INTJ,PUNCT,SCONJ,11
SYM,PUNCT,PRON,11
AUX,PROPN,AUX,11
PROPN,NOUN,PROPN,11
ADV,PUNCT,INTJ,11
AUX,SCONJ,VERB,11
NOUN,DET,NUM,11
NUM,SYM,PROPN,11
PROPN,CCONJ,PUNCT,11
ADV,PRON,PROPN,11
CCONJ,PROPN,SYM,11
NUM,ADP,CCONJ,11
DET,CCONJ,NOUN,11
ADJ,DET,PROPN,11
PROPN,VERB,SYM,11
NUM,ADJ,NUM,11
AUX,INTJ,PUNCT,11
INTJ,VERB,NOUN,11
SYM,ADV,ADJ,11
ADV,VERB,SYM,11
ADV,DET,PUNCT,11
DET,SYM,ADV,10
NUM,ADJ,CCONJ,10
PUNCT,DET,PUNCT,10
PUNCT,ADP,ADP,10
DET,ADV,PRON,10
PUNCT,SYM,VERB,10
PUNCT,ADJ,SCONJ,10
PUNCT,PROPN,ADJ,10
INTJ,ADV,ADJ,10
PRON,PROPN,DET,10
DET,ADP,ADJ,10
PUNCT,SYM,PROPN,10
NOUN,ADV,SYM,10
ADV,PRON,NUM,10
VERB,SCONJ,CCONJ,10
PUNCT,PUNCT,ADJ,10
ADP,CCONJ,INTJ,10
SYM,ADP,VERB,10
NUM,ADJ,ADP,10
SYM,SYM,ADV,10
PROPN,SYM,NOUN,10
NUM,AUX,ADP,10
X,DET,NOUN,10
CCONJ,SCONJ,VERB,10
PUNCT,NUM,ADJ,10
DET,NUM,AUX,10
CCONJ,AUX,PROPN,10
SCONJ,VERB,AUX,10
CCONJ,SYM,NOUN,10
NOUN,SYM,ADJ,10
CCONJ,SCONJ,SCONJ,10
DET,SYM,ADP,10
PUNCT,AUX,PUNCT,10
PUNCT,VERB,SCONJ,10
CCONJ,VERB,INTJ,10
INTJ,PUNCT,INTJ,10
PUNCT,INTJ,NOUN,10
ADV,PROPN,NUM,10
VERB,SCONJ,SYM,10
PROPN,AUX,SCONJ,10
NUM,ADV,AUX,10
NUM,ADJ,AUX,10
INTJ,NOUN,VERB,10
AUX,ADP,SCONJ,10
PUNCT,SCONJ,SCONJ,10
AUX,NUM,ADJ,10
INTJ,ADV,ADP,10
NUM,PROPN,NOUN,10
SYM,CCONJ,PUNCT,10
SYM,CCONJ,ADJ,10
CCONJ,AUX,NUM,10
SYM,ADJ,CCONJ,10
SYM,NOUN,ADJ,10
SCONJ,NUM,ADP,10
NUM,NUM,PUNCT,10
SCONJ,VERB,ADJ,10
ADV,VERB,INTJ,10
INTJ,INTJ,DET,10
ADP,ADV,PROPN,10
PUNCT,ADP,CCONJ,10
SYM,VERB,DET,9
DET,NUM,ADJ,9
PUNCT,SYM,INTJ,9
CCONJ,CCONJ,SCONJ,9
SYM,PRON,VERB,9
ADJ,ADJ,NUM,9
PROPN,NOUN,ADJ,9
SYM,ADP,PUNCT,9
NUM,NUM,VERB,9
PUNCT,INTJ,VERB,9
PRON,SCONJ,VERB,9
INTJ,PRON,ADV,9
CCONJ,PUNCT,PROPN,9
INTJ,NOUN,AUX,9
NUM,SYM,NUM,9
PUNCT,ADP,ADV,9
PUNCT,NOUN,X,9
ADJ,NUM,DET,9
SYM,SCONJ,PRON,9
CCONJ,PUNCT,PUNCT,9
PRON,NUM,SYM,9
SCONJ,PUNCT,SCONJ,9
SYM,PUNCT,ADV,9
INTJ,PUNCT,ADP,9
PROPN,PRON,CCONJ,9
SCONJ,ADV,SCONJ,9
PUNCT,PROPN,ADV,9
DET,CCONJ,ADV,9
INTJ,PUNCT,AUX,9
INTJ,ADV,DET,9
PUNCT,SCONJ,ADP,9
CCONJ,PUNCT,ADP,9
SYM,AUX,VERB,9
SCONJ,ADP,ADJ,9
AUX,SCONJ,PUNCT,9
PRON,CCONJ,AUX,9
ADJ,SYM,SYM,9
NUM,PUNCT,ADP,9
PUNCT,PROPN,PRON,9
PROPN,SCONJ,DET,9
ADP,CCONJ,NUM,9
NUM,VERB,ADJ,9
PRON,SCONJ,SCONJ,9
PUNCT,SCONJ,AUX,8
PRON,NUM,PROPN,8
ADV,PROPN,DET,8
PROPN,INTJ,PUNCT,8
ADV,NUM,SCONJ,8
INTJ,PUNCT,DET,8
NUM,PRON,NOUN,8
SYM,SYM,DET,8
SCONJ,ADV,CCONJ,8
VERB,INTJ,ADJ,8
ADJ,NUM,ADV,8
INTJ,PRON,ADJ,8
PRON,PROPN,SYM,8
ADP,DET,AUX,8
ADP,VERB,NUM,8
AUX,PUNCT,SYM,8
ADV,SCONJ,AUX,8
SYM,NOUN,ADV,8
CCONJ,NUM,DET,8
SYM,CCONJ,SCONJ,8
NOUN,SCONJ,SYM,8
AUX,PUNCT,DET,8
ADV,INTJ,NOUN,8
AUX,SYM,CCONJ,8
PRON,SCONJ,PUNCT,8
SYM,ADJ,NOUN,8
ADV,NOUN,SYM,8
PRON,DET,PUNCT,8
NOUN,ADP,INTJ,8
SCONJ,PUNCT,ADJ,8
DET,CCONJ,PRON,8
SCONJ,PUNCT,SYM,8
PUNCT,PROPN,NUM,8
SYM,NUM,NOUN,8
PROPN,SCONJ,ADV,8
CCONJ,VERB,SYM,8
NUM,PRON,ADP,8
PROPN,NOUN,DET,8
ADJ,VERB,SYM,8
X,SCONJ,PRON,8
SCONJ,VERB,VERB,8
AUX,SCONJ,PROPN,8
ADP,SYM,PROPN,8
PROPN,ADJ,SCONJ,8
SCONJ,NOUN,SYM,8
INTJ,PROPN,PROPN,8
INTJ,SYM,PROPN,8
CCONJ,PUNCT,DET,8
CCONJ,PUNCT,SCONJ,8
ADP,VERB,INTJ,8
NUM,AUX,PROPN,8
VERB,INTJ,NOUN,8
PUNCT,PRON,CCONJ,8
NUM,PROPN,DET,8
PUNCT,ADJ,PROPN,8
PRON,SYM,ADV,8
PROPN,DET,VERB,8
ADJ,NOUN,INTJ,8
PRON,PRON,SYM,7
ADJ,AUX,NUM,7
NOUN,NOUN,X,7
NOUN,ADJ,NUM,7
CCONJ,ADP,SYM,7
SYM,PUNCT,DET,7
NOUN,SYM,DET,7
INTJ,PRON,ADP,7
ADJ,PRON,PROPN,7
AUX,ADJ,SYM,7
DET,AUX,ADJ,7
PUNCT,ADV,NUM,7
INTJ,ADP,NOUN,7
SYM,PROPN,NOUN,7
ADJ,PRON,SCONJ,7
NUM,ADV,PRON,7
PRON,PROPN,PRON,7
NOUN,PROPN,SCONJ,7
NOUN,ADJ,SYM,7
SYM,VERB,NOUN,7
SYM,NUM,CCONJ,7
AUX,DET,ADP,7
ADV,INTJ,VERB,7
CCONJ,PRON,SYM,7
INTJ,ADJ,ADJ,7
PUNCT,ADV,PROPN,7
NOUN,SYM,AUX,7
ADP,SCONJ,SCONJ,7
ADJ,ADP,SYM,7
NUM,PRON,AUX,7
PRON,SYM,ADP,7
VERB,VERB,NUM,7
SYM,SYM,AUX,7
AUX,NUM,ADV,7
INTJ,AUX,ADJ,7
PRON,NUM,ADV,7
DET,SYM,AUX,7
INTJ,CCONJ,PUNCT,7
SYM,ADP,ADP,7
SCONJ,DET,SYM,7
NOUN,VERB,X,7
VERB,PRON,X,7
VERB,ADJ,SYM,7
INTJ,PROPN,VERB,7
NUM,ADJ,VERB,7
DET,PRON,CCONJ,7
SYM,ADJ,ADP,7
VERB,DET,CCONJ,7
SYM,ADV,ADV,7
PRON,INTJ,CCONJ,7
SYM,ADV,PRON,7
ADJ,NUM,AUX,7
ADP,PRON,INTJ,7
CCONJ,INTJ,NOUN,7
SYM,ADV,AUX,7
CCONJ,NUM,SYM,7
PUNCT,ADJ,PRON,7
ADJ,DET,SYM,7
PUNCT,X,PUNCT,7
AUX,AUX,PROPN,7
VERB,SYM,NOUN,7
SCONJ,VERB,DET,7
ADJ,DET,ADV,7
NOUN,X,NOUN,7
ADP,VERB,SYM,7
NUM,VERB,PROPN,7
PUNCT,NUM,PROPN,7
CCONJ,DET,ADP,7
PROPN,ADV,NUM,7
NUM,NUM,CCONJ,7
INTJ,INTJ,NOUN,7
ADJ,SYM,NOUN,7
INTJ,INTJ,CCONJ,7
ADJ,PUNCT,NUM,7
NOUN,PROPN,NUM,7
NUM,PUNCT,DET,7
INTJ,VERB,ADJ,7
NUM,PUNCT,SYM,7
ADJ,NUM,SYM,7
PUNCT,VERB,SYM,7
PROPN,SYM,ADP,7
AUX,DET,PUNCT,7
NUM,AUX,NOUN,7
PRON,AUX,INTJ,6
SYM,PROPN,ADP,6
PRON,DET,ADP,6
ADJ,PROPN,PRON,6
ADP,DET,CCONJ,6
INTJ,CCONJ,NOUN,6
SYM,INTJ,CCONJ,6
NOUN,SCONJ,NUM,6
PRON,CCONJ,NUM,6
PUNCT,ADV,INTJ,6
CCONJ,SYM,VERB,6
DET,ADP,NUM,6
X,NOUN,PUNCT,6
INTJ,PRON,PUNCT,6
SCONJ,ADP,AUX,6
ADV,CCONJ,NUM,6
ADP,SCONJ,PUNCT,6
VERB,VERB,SYM,6
SYM,SYM,INTJ,6
PUNCT,PROPN,DET,6
DET,NUM,SYM,6
VERB,INTJ,ADP,6
SCONJ,PROPN,NUM,6
INTJ,VERB,ADP,6
DET,ADP,PROPN,6
INTJ,AUX,PRON,6
SCONJ,ADP,ADV,6
ADV,SYM,NOUN,6
SYM,PUNCT,ADP,6
CCONJ,PUNCT,SYM,6
SYM,DET,ADJ,6
DET,CCONJ,DET,6
INTJ,ADJ,CCONJ,6
SYM,ADJ,VERB,6
NUM,ADV,SYM,6
ADJ,INTJ,CCONJ,6
INTJ,ADV,NOUN,6
ADV,ADP,INTJ,6
DET,AUX,VERB,6
CCONJ,INTJ,DET,6
ADP,PUNCT,NUM,6
SCONJ,PUNCT,PUNCT,6
X,VERB,PUNCT,6
AUX,VERB,NUM,6
ADP,VERB,X,6
NUM,AUX,CCONJ,6
SCONJ,ADJ,SCONJ,6
CCONJ,CCONJ,PUNCT,6
PRON,ADJ,INTJ,6
SYM,ADV,ADP,6
INTJ,ADJ,NOUN,6
AUX,SYM,SYM,6
ADV,PUNCT,NUM,6
ADJ,SYM,PROPN,6
SCONJ,DET,PUNCT,6
CCONJ,PUNCT,VERB,6
INTJ,CCONJ,DET,6
VERB,NUM,PROPN,6
X,ADP,DET,6
PUNCT,SYM,NOUN,6
NOUN,PRON,SYM,6
DET,ADV,AUX,6
CCONJ,ADV,INTJ,6
SCONJ,AUX,ADJ,6
SCONJ,AUX,DET,6
AUX,PROPN,SYM,6
NOUN,SCONJ,AUX,6
PUNCT,PUNCT,DET,6
SCONJ,CCONJ,PRON,6
ADP,SCONJ,ADJ,6
NUM,SYM,VERB,6
SYM,SYM,ADJ,6
SYM,AUX,ADV,6
NUM,CCONJ,SCONJ,6
PROPN,PROPN,SCONJ,6
SCONJ,ADP,NUM,6
SYM,NOUN,SYM,6
PUNCT,AUX,ADP,6
SCONJ,NUM,CCONJ,6
PRON,ADJ,SYM,6
SYM,PUNCT,INTJ,6
PUNCT,INTJ,PROPN,6
SCONJ,PRON,X,6
SYM,NOUN,AUX,6
PRON,CCONJ,CCONJ,6
NUM,PROPN,SYM,6
NUM,SCONJ,DET,5
PRON,PUNCT,NUM,5
INTJ,ADV,SCONJ,5
SCONJ,ADV,PROPN,5
ADP,NUM,PRON,5
CCONJ,INTJ,CCONJ,5
SYM,INTJ,ADV,5
PROPN,DET,SYM,5
INTJ,SYM,VERB,5
CCONJ,NUM,PRON,5
ADJ,VERB,NUM,5
PRON,ADV,X,5
DET,PRON,DET,5
NOUN,AUX,SYM,5
ADJ,INTJ,VERB,5
SYM,CCONJ,NUM,5
SYM,ADJ,ADV,5
ADP,NOUN,INTJ,5
ADJ,SYM,ADP,5
INTJ,NOUN,ADV,5
PUNCT,ADJ,INTJ,5
VERB,ADP,X,5
X,PUNCT,ADV,5
INTJ,PROPN,AUX,5
SYM,AUX,DET,5
SYM,ADJ,AUX,5
ADP,SYM,AUX,5
PUNCT,ADP,SYM,5
ADP,SYM,DET,5
ADV,INTJ,SYM,5
SYM,ADP,NUM,5
ADJ,SYM,ADJ,5
ADJ,PROPN,DET,5
ADV,SYM,PROPN,5
PUNCT,PUNCT,SCONJ,5
NUM,ADV,NUM,5
SYM,VERB,VERB,5
PUNCT,PRON,PROPN,5
SCONJ,DET,PRON,5
CCONJ,PUNCT,ADJ,5
PUNCT,PRON,NUM,5
PROPN,CCONJ,INTJ,5
INTJ,VERB,CCONJ,5
PUNCT,CCONJ,CCONJ,5
PRON,CCONJ,INTJ,5
PUNCT,ADP,AUX,5
INTJ,NOUN,ADP,5
PUNCT,ADJ,SYM,5
PRON,SYM,NUM,5
SCONJ,SCONJ,ADJ,5
ADJ,PROPN,ADJ,5
ADJ,NOUN,X,5
PROPN,ADV,PROPN,5
NUM,VERB,NUM,5
NUM,SYM,ADV,5
PROPN,NUM,SYM,5
SCONJ,SYM,SYM,5
ADJ,ADJ,SYM,5
SYM,INTJ,VERB,5
ADP,SYM,NUM,5
PUNCT,ADV,CCONJ,5
PUNCT,AUX,PROPN,5
ADJ,PROPN,ADV,5
PRON,SYM,PROPN,5
ADV,SYM,ADV,5
INTJ,VERB,VERB,5
ADJ,DET,PUNCT,5
PUNCT,PUNCT,AUX,5
VERB,NUM,PRON,5
DET,AUX,ADP,5
CCONJ,VERB,X,5
INTJ,ADP,PRON,5
AUX,ADP,AUX,5
ADJ,NUM,ADJ,5
SCONJ,VERB,PROPN,5
ADJ,DET,NUM,5
NUM,CCONJ,AUX,5
PROPN,NUM,ADV,5
PROPN,PRON,PROPN,5
PROPN,ADP,SCONJ,5
PROPN,SCONJ,PROPN,5
NUM,ADV,NOUN,5
PRON,PUNCT,INTJ,5
NUM,NUM,ADP,5
INTJ,PRON,PRON,5
NOUN,DET,SYM,5
VERB,SYM,PROPN,5
SYM,ADP,AUX,5
PUNCT,INTJ,CCONJ,5
DET,PUNCT,PUNCT,5
CCONJ,PRON,INTJ,5
PRON,INTJ,VERB,5
AUX,PUNCT,PROPN,5
PROPN,SYM,INTJ,5
DET,AUX,AUX,5
INTJ,ADV,INTJ,5
NOUN,SYM,INTJ,5
NUM,NOUN,SYM,5
NOUN,PROPN,SYM,5
SYM,PRON,NOUN,5
SCONJ,NUM,PRON,5
PROPN,ADJ,PROPN,4
INTJ,ADP,PROPN,4
PUNCT,ADV,SYM,4
CCONJ,INTJ,ADJ,4
INTJ,NOUN,NOUN,4
ADV,NUM,PRON,4
NUM,SYM,DET,4
SCONJ,DET,DET,4
SCONJ,NUM,PUNCT,4
INTJ,NOUN,PRON,4
ADV,INTJ,CCONJ,4
ADP,X,NUM,4
VERB,AUX,NUM,4
SCONJ,SYM,ADP,4
DET,SYM,PROPN,4
ADJ,DET,PRON,4
CCONJ,ADJ,SYM,4
DET,DET,VERB,4
PUNCT,NUM,ADP,4
SYM,PUNCT,AUX,4
SYM,VERB,SYM,4
NOUN,INTJ,INTJ,4
SYM,NOUN,NUM,4
PROPN,AUX,SYM,4
ADJ,SYM,VERB,4
INTJ,AUX,VERB,4
SCONJ,INTJ,PUNCT,4
ADV,CCONJ,CCONJ,4
PRON,X,ADP,4
ADV,PRON,INTJ,4
NOUN,ADJ,INTJ,4
PROPN,ADV,SCONJ,4
PROPN,SCONJ,ADP,4
SYM,PROPN,ADV,4
SYM,ADJ,SCONJ,4
NUM,ADP,SYM,4
SCONJ,AUX,ADV,4
PUNCT,DET,ADP,4
ADV,NOUN,INTJ,4
INTJ,INTJ,PROPN,4
SYM,PROPN,AUX,4
PUNCT,ADJ,NUM,4
PROPN,CCONJ,CCONJ,4
PROPN,INTJ,PROPN,4
PROPN,SYM,DET,4
CCONJ,CCONJ,CCONJ,4
CCONJ,SCONJ,PUNCT,4
PROPN,DET,ADP,4
CCONJ,DET,AUX,4
NOUN,ADP,X,4
SCONJ,PRON,INTJ,4
DET,PRON,SCONJ,4
CCONJ,INTJ,SCONJ,4
DET,ADV,NUM,4
PUNCT,ADP,SCONJ,4
AUX,NUM,DET,4
PUNCT,AUX,NUM,4
VERB,NUM,NUM,4
ADP,SCONJ,VERB,4
SYM,AUX,ADJ,4
CCONJ,CCONJ,ADJ,4
NUM,NUM,PROPN,4
CCONJ,PROPN,SCONJ,4
ADV,SCONJ,NUM,4
NUM,AUX,NUM,4
SYM,INTJ,INTJ,4
ADJ,VERB,INTJ,4
DET,AUX,PRON,4
X,NOUN,VERB,4
X,PROPN,PUNCT,4
PROPN,NUM,ADJ,4
NOUN,INTJ,PRON,4
SYM,NUM,SYM,4
ADV,PRON,SYM,4
VERB,NOUN,INTJ,4
VERB,CCONJ,X,4
SYM,ADV,NOUN,4
ADJ,DET,ADP,4
AUX,SYM,PUNCT,4
PROPN,DET,NUM,4
VERB,SYM,ADV,4
CCONJ,NOUN,X,4
ADP,CCONJ,SYM,4
PROPN,SYM,ADJ,4
CCONJ,SYM,ADV,4
ADP,CCONJ,CCONJ,4
PUNCT,NUM,AUX,4
INTJ,CCONJ,VERB,4
VERB,SCONJ,NUM,4
PRON,NUM,DET,4
INTJ,SCONJ,ADV,4
PUNCT,AUX,SCONJ,4
INTJ,CCONJ,ADP,4
SCONJ,NUM,SYM,4
SYM,NOUN,PROPN,4
NOUN,AUX,INTJ,4
ADJ,CCONJ,SYM,4
PUNCT,INTJ,ADJ,4
PRON,NUM,PRON,4
NUM,PRON,ADJ,4
SYM,INTJ,SYM,4
ADV,CCONJ,SYM,4
PUNCT,PUNCT,NUM,4
NOUN,INTJ,VERB,4
SYM,PRON,ADJ,4
SYM,VERB,ADJ,4
PROPN,SYM,PRON,4
VERB,INTJ,VERB,4
CCONJ,DET,PUNCT,4
NOUN,INTJ,SYM,4
INTJ,CCONJ,PROPN,4
X,ADP,NOUN,4
AUX,PUNCT,NUM,4
CCONJ,PUNCT,CCONJ,4
ADV,INTJ,INTJ,4
AUX,VERB,SYM,3
NOUN,X,VERB,3
INTJ,ADV,NUM,3
AUX,PRON,X,3
DET,PUNCT,SYM,3
CCONJ,SCONJ,SYM,3
INTJ,PRON,DET,3
VERB,PUNCT,X,3
SYM,SYM,SCONJ,3
PRON,INTJ,INTJ,3
DET,PUNCT,VERB,3
AUX,SYM,DET,3
DET,SYM,NUM,3
NUM,ADP,AUX,3
CCONJ,AUX,PUNCT,3
VERB,X,PUNCT,3
SCONJ,SCONJ,PUNCT,3
VERB,SYM,NUM,3
X,NOUN,ADP,3
SCONJ,CCONJ,ADV,3
PROPN,PROPN,INTJ,3
SYM,DET,PROPN,3
ADV,PROPN,SYM,3
NOUN,SYM,SCONJ,3
PROPN,NOUN,SCONJ,3
ADJ,SCONJ,SYM,3
PUNCT,SCONJ,SYM,3
VERB,ADV,X,3
SYM,VERB,AUX,3
PUNCT,DET,DET,3
SCONJ,CCONJ,VERB,3
CCONJ,ADP,X,3
VERB,X,ADV,3
PRON,VERB,X,3
CCONJ,SYM,INTJ,3
ADV,ADJ,X,3
ADV,INTJ,ADJ,3
ADP,ADV,SYM,3
SYM,SYM,PRON,3
VERB,SYM,PRON,3
NOUN,SCONJ,CCONJ,3
PRON,PROPN,SCONJ,3
PROPN,NUM,PRON,3
SCONJ,VERB,SCONJ,3
CCONJ,CCONJ,PROPN,3
INTJ,PROPN,PRON,3
SCONJ,X,PUNCT,3
NOUN,NUM,SCONJ,3
AUX,CCONJ,NUM,3
DET,CCONJ,VERB,3
AUX,SCONJ,AUX,3
AUX,NUM,PRON,3
DET,PUNCT,CCONJ,3
PUNCT,SYM,DET,3
VERB,X,X,3
CCONJ,CCONJ,AUX,3
PUNCT,INTJ,AUX,3
ADV,SYM,INTJ,3
PRON,INTJ,NOUN,3
PUNCT,DET,NUM,3
ADV,INTJ,DET,3
SYM,INTJ,ADP,3
X,ADV,VERB,3
PUNCT,VERB,NUM,3
PROPN,SYM,AUX,3
SCONJ,PUNCT,NUM,3
SYM,ADV,SCONJ,3
DET,SYM,ADJ,3
ADP,X,DET,3
NUM,PUNCT,AUX,3
CCONJ,SYM,DET,3
SYM,AUX,PUNCT,3
DET,PUNCT,PROPN,3
PROPN,ADJ,PRON,3
CCONJ,SYM,PROPN,3
DET,NUM,PROPN,3
AUX,VERB,INTJ,3
ADV,SYM,AUX,3
PUNCT,DET,ADV,3
ADP,ADP,INTJ,3
NOUN,INTJ,NOUN,3
SYM,PRON,ADV,3
ADP,SYM,PRON,3
AUX,SYM,ADJ,3
DET,AUX,ADV,3
ADV,AUX,INTJ,3
PUNCT,CCONJ,SYM,3
INTJ,ADP,ADP,3
INTJ,NUM,PUNCT,3
PUNCT,SYM,ADV,3
SYM,PRON,DET,3
NUM,AUX,SCONJ,3
SYM,ADJ,ADJ,3
ADJ,ADV,SYM,3
PUNCT,VERB,X,3
NUM,X,NUM,3
PUNCT,X,ADP,3
ADJ,SYM,NUM,3
PRON,SYM,ADJ,3
DET,PUNCT,DET,3
SCONJ,VERB,SYM,3
SCONJ,SYM,INTJ,3
PRON,NUM,SCONJ,3
ADP,SYM,ADV,3
ADV,SCONJ,SYM,3
PRON,INTJ,ADV,3
INTJ,SYM,ADV,3
INTJ,AUX,ADV,3
CCONJ,AUX,CCONJ,3
ADV,DET,CCONJ,3
SYM,ADJ,SYM,3
ADP,ADP,X,3
SCONJ,SYM,ADV,3
INTJ,INTJ,ADJ,3
NUM,NOUN,INTJ,3
PUNCT,X,CCONJ,3
VERB,NUM,ADV,3
ADV,PROPN,SCONJ,3
DET,CCONJ,ADJ,3
PRON,SCONJ,SYM,3
ADV,DET,AUX,3
ADV,SYM,NUM,3
ADV,NUM,DET,3
NOUN,INTJ,DET,3
PROPN,NOUN,SYM,3
SYM,NOUN,SCONJ,3
DET,VERB,NUM,3
AUX,CCONJ,PUNCT,3
SYM,ADP,CCONJ,3
AUX,X,ADV,3
ADV,DET,INTJ,3
ADV,INTJ,ADP,3
VERB,INTJ,DET,3
PRON,ADP,INTJ,3
SCONJ,DET,ADP,3
SYM,PROPN,PRON,3
ADJ,PUNCT,INTJ,3
ADV,X,PUNCT,3
AUX,NUM,AUX,3
DET,ADV,SYM,3
NUM,PRON,DET,3
NUM,PRON,PRON,3
SCONJ,CCONJ,DET,3
DET,ADV,SCONJ,3
PRON,CCONJ,SYM,3
PUNCT,NOUN,SCONJ,3
PRON,X,ADV,3
SYM,CCONJ,CCONJ,3
SCONJ,PUNCT,AUX,3
INTJ,DET,ADJ,2
VERB,PROPN,INTJ,2
PROPN,DET,PUNCT,2
PUNCT,SYM,ADP,2
PUNCT,PRON,SYM,2
VERB,SCONJ,X,2
SYM,INTJ,PROPN,2
NUM,ADJ,DET,2
PUNCT,NUM,ADV,2
ADJ,SYM,PRON,2
INTJ,CCONJ,ADJ,2
AUX,CCONJ,INTJ,2
ADJ,PRON,INTJ,2
ADV,X,SCONJ,2
PRON,NUM,NUM,2
PROPN,PRON,NUM,2
SYM,AUX,PROPN,2
ADP,INTJ,PRON,2
PRON,SYM,SCONJ,2
NUM,ADP,ADV,2
PROPN,ADV,INTJ,2
NOUN,INTJ,ADV,2
AUX,NUM,NUM,2
SYM,NUM,ADP,2
DET,AUX,DET,2
VERB,VERB,INTJ,2
NUM,ADJ,ADV,2
PRON,INTJ,PRON,2
INTJ,INTJ,AUX,2
NOUN,DET,AUX,2
ADV,ADV,X,2
VERB,SCONJ,INTJ,2
DET,PRON,NUM,2
SCONJ,CCONJ,NOUN,2
PRON,INTJ,DET,2
NUM,DET,PROPN,2
X,AUX,ADJ,2
NOUN,X,AUX,2
CCONJ,SCONJ,NUM,2
PROPN,SCONJ,NUM,2
INTJ,SYM,ADJ,2
SCONJ,PROPN,SYM,2
ADV,CCONJ,INTJ,2
INTJ,ADJ,AUX,2
ADJ,NUM,PRON,2
PROPN,ADJ,INTJ,2
PROPN,SCONJ,SCONJ,2
SYM,PRON,PUNCT,2
CCONJ,ADV,X,2
AUX,SCONJ,NUM,2
SCONJ,SCONJ,SCONJ,2
SCONJ,INTJ,PRON,2
NOUN,NUM,INTJ,2
SYM,AUX,NUM,2
ADJ,SCONJ,CCONJ,2
DET,X,NOUN,2
SCONJ,DET,X,2
NOUN,SCONJ,X,2
PROPN,SYM,ADV,2
ADV,PROPN,ADJ,2
PRON,INTJ,AUX,2
NOUN,PRON,INTJ,2
AUX,SYM,PROPN,2
SCONJ,SYM,PRON,2
NUM,SYM,SCONJ,2
AUX,ADV,INTJ,2
SYM,PRON,CCONJ,2
SYM,PRON,ADP,2
INTJ,ADJ,ADP,2
NOUN,SYM,NUM,2
SCONJ,SYM,NOUN,2
ADP,AUX,SYM,2
INTJ,INTJ,SYM,2
VERB,X,SCONJ,2
X,SYM,ADJ,2
VERB,ADP,INTJ,2
ADJ,INTJ,SYM,2
PROPN,NUM,SCONJ,2
ADJ,ADP,INTJ,2
AUX,SYM,ADV,2
ADJ,PRON,NUM,2
AUX,CCONJ,CCONJ,2
DET,PUNCT,ADP,2
NOUN,X,DET,2
X,AUX,VERB,2
PROPN,PROPN,X,2
NUM,INTJ,NUM,2
PROPN,X,PUNCT,2
X,PUNCT,CCONJ,2
DET,CCONJ,ADP,2
SCONJ,NUM,VERB,2
SYM,AUX,CCONJ,2
ADP,DET,X,2
PROPN,PRON,SCONJ,2
INTJ,PUNCT,X,2
NOUN,X,NUM,2
INTJ,CCONJ,AUX,2
PROPN,INTJ,INTJ,2
DET,INTJ,PUNCT,2
ADP,DET,INTJ,2
ADV,X,DET,2
SYM,SCONJ,PROPN,2
SCONJ,AUX,NOUN,2
VERB,X,PRON,2
AUX,PROPN,SCONJ,2
ADV,SYM,DET,2
ADJ,NUM,PROPN,2
ADP,SYM,ADJ,2
SYM,VERB,SCONJ,2
ADJ,AUX,INTJ,2
X,PRON,ADJ,2
ADP,SCONJ,AUX,2
AUX,SYM,NUM,2
ADP,PROPN,INTJ,2
NUM,PROPN,PRON,2
VERB,INTJ,SYM,2
SCONJ,AUX,ADP,2
PUNCT,X,NOUN,2
CCONJ,PUNCT,INTJ,2
NOUN,SCONJ,INTJ,2
CCONJ,X,DET,2
PRON,SYM,PRON,2
ADJ,AUX,SYM,2
X,CCONJ,PRON,2
INTJ,NUM,NOUN,2
CCONJ,INTJ,AUX,2
VERB,VERB,X,2
X,ADV,ADJ,2
ADV,VERB,X,2
X,PUNCT,PROPN,2
ADV,INTJ,AUX,2
X,NUM,NOUN,2
ADP,SCONJ,SYM,2
PROPN,DET,CCONJ,2
PROPN,SCONJ,VERB,2
X,ADP,PROPN,2
PROPN,VERB,X,2
DET,PUNCT,NUM,2
NOUN,X,SCONJ,2
PRON,NOUN,X,2
INTJ,SYM,NOUN,2
ADP,SCONJ,NUM,2
AUX,SYM,ADP,2
NOUN,X,PROPN,2
SCONJ,NOUN,X,2
VERB,NUM,DET,2
CCONJ,NUM,X,2
X,VERB,DET,2
PROPN,NUM,NUM,2
X,CCONJ,VERB,2
NUM,PUNCT,ADJ,2
INTJ,DET,PROPN,2
INTJ,ADV,CCONJ,2
AUX,AUX,NUM,2
ADV,X,PRON,2
AUX,NOUN,SYM,2
INTJ,SCONJ,SCONJ,2
SYM,CCONJ,AUX,2
PUNCT,CCONJ,X,2
X,CCONJ,X,2
DET,SYM,DET,2
SYM,ADV,INTJ,2
CCONJ,DET,CCONJ,2
PUNCT,INTJ,DET,2
ADJ,ADJ,X,2
INTJ,PRON,PROPN,2
SYM,INTJ,NOUN,2
ADV,INTJ,PROPN,2
PUNCT,ADJ,X,2
AUX,PRON,INTJ,2
SCONJ,NUM,NUM,2
SYM,ADV,NUM,2
ADV,X,ADP,2
NUM,PUNCT,SCONJ,2
VERB,SYM,INTJ,2
ADP,X,PROPN,2
VERB,X,VERB,2
DET,NUM,NUM,2
CCONJ,SYM,AUX,2
SCONJ,SYM,VERB,2
X,PROPN,CCONJ,2
INTJ,INTJ,ADP,2
ADJ,INTJ,INTJ,2
DET,ADJ,INTJ,2
NOUN,NOUN,INTJ,2
INTJ,NOUN,PROPN,2
PUNCT,SYM,PRON,2
INTJ,VERB,AUX,2
NUM,PROPN,ADV,2
VERB,X,NOUN,2
INTJ,VERB,SCONJ,2
SYM,PRON,SCONJ,2
NOUN,SYM,PRON,2
INTJ,NOUN,ADJ,2
ADJ,SYM,DET,2
SYM,DET,VERB,2
X,ADJ,NOUN,2
NUM,SYM,AUX,2
X,ADV,ADV,2
ADJ,PROPN,NUM,2
PRON,AUX,X,2
ADJ,X,PUNCT,2
SYM,ADV,DET,2
DET,ADP,SCONJ,2
X,PRON,VERB,2
PUNCT,X,SYM,2
NUM,NUM,ADV,2
ADJ,DET,DET,2
X,PUNCT,PRON,2
NOUN,X,PUNCT,2
PUNCT,INTJ,ADP,2
INTJ,SCONJ,DET,2
X,VERB,ADV,2
SYM,SCONJ,ADP,2
AUX,NOUN,INTJ,2
VERB,INTJ,SCONJ,2
SCONJ,SCONJ,ADP,2
SCONJ,PUNCT,CCONJ,2
X,PRON,AUX,2
PUNCT,NUM,PRON,2
INTJ,ADJ,SYM,2
X,NUM,VERB,2
X,NUM,PUNCT,2
X,PROPN,SYM,1
PROPN,X,PROPN,1
INTJ,DET,SYM,1
PRON,DET,CCONJ,1
SYM,PROPN,X,1
SYM,NUM,ADV,1
SCONJ,NUM,SCONJ,1
PUNCT,PRON,SCONJ,1
DET,DET,CCONJ,1
VERB,X,CCONJ,1
SYM,X,VERB,1
NUM,INTJ,ADV,1
PUNCT,NUM,INTJ,1
PRON,SCONJ,CCONJ,1
VERB,AUX,SYM,1
DET,SYM,X,1
SCONJ,PROPN,SCONJ,1
SYM,NOUN,PRON,1
X,NUM,NUM,1
X,ADV,SCONJ,1
NUM,CCONJ,SYM,1
AUX,SCONJ,CCONJ,1
X,ADJ,PRON,1
DET,PRON,PROPN,1
INTJ,ADP,ADJ,1
AUX,DET,CCONJ,1
PROPN,SCONJ,ADJ,1
NOUN,PROPN,X,1
ADP,ADV,INTJ,1
NOUN,INTJ,ADJ,1
SCONJ,AUX,SYM,1
CCONJ,X,ADV,1
CCONJ,DET,SCONJ,1
DET,SCONJ,PROPN,1
DET,PRON,SYM,1
ADP,SCONJ,INTJ,1
NUM,DET,VERB,1
CCONJ,ADJ,INTJ,1
NOUN,CCONJ,X,1
NUM,ADV,PROPN,1
VERB,X,ADJ,1
ADJ,VERB,X,1
PRON,SYM,DET,1
SYM,DET,PRON,1
NUM,INTJ,VERB,1
SCONJ,SYM,CCONJ,1
SYM,PRON,SYM,1
X,ADV,INTJ,1
NUM,NUM,PRON,1
CCONJ,ADJ,NUM,1
ADJ,NUM,X,1
PRON,SYM,AUX,1
INTJ,NOUN,INTJ,1
DET,INTJ,CCONJ,1
DET,ADJ,X,1
VERB,X,SYM,1
X,SYM,NUM,1
SYM,NUM,SCONJ,1
INTJ,ADV,PROPN,1
NUM,SCONJ,SYM,1
ADP,X,VERB,1
VERB,X,ADP,1
X,VERB,NOUN,1
PUNCT,SYM,ADJ,1
ADJ,X,AUX,1
SCONJ,AUX,SCONJ,1
SYM,CCONJ,INTJ,1
INTJ,SYM,CCONJ,1
AUX,PUNCT,INTJ,1
VERB,SYM,SCONJ,1
PROPN,ADP,X,1
X,NUM,DET,1
AUX,INTJ,PRON,1
X,NUM,AUX,1
ADJ,NUM,NUM,1
ADJ,X,ADP,1
INTJ,SYM,PRON,1
PUNCT,SCONJ,ADJ,1
SCONJ,SYM,NUM,1
X,AUX,PRON,1
ADV,ADP,X,1
PUNCT,NUM,X,1
NUM,X,VERB,1
DET,VERB,INTJ,1
INTJ,CCONJ,NUM,1
ADP,PUNCT,X,1
DET,ADP,ADV,1
ADJ,X,ADV,1
NOUN,INTJ,ADP,1
X,ADV,PUNCT,1
SYM,INTJ,DET,1
CCONJ,NUM,NUM,1
NOUN,INTJ,CCONJ,1
X,NOUN,SCONJ,1
ADV,X,NOUN,1
PRON,INTJ,SYM,1
NUM,PRON,PUNCT,1
ADP,X,NOUN,1
INTJ,ADP,VERB,1
X,PRON,DET,1
X,VERB,PRON,1
NOUN,X,PRON,1
SYM,PROPN,SCONJ,1
ADJ,PRON,SYM,1
NOUN,DET,X,1
INTJ,INTJ,NUM,1
SYM,DET,DET,1
SYM,AUX,ADP,1
SYM,SYM,NUM,1
SCONJ,ADP,INTJ,1
ADV,PUNCT,X,1
X,ADP,VERB,1
X,DET,ADJ,1
SYM,DET,PUNCT,1
PUNCT,X,X,1
PUNCT,SCONJ,INTJ,1
NUM,DET,DET,1
AUX,AUX,X,1
ADJ,SYM,SCONJ,1
NOUN,INTJ,AUX,1
PUNCT,SYM,NUM,1
NUM,DET,ADP,1
NUM,SCONJ,NOUN,1
VERB,NUM,SCONJ,1
SCONJ,X,CCONJ,1
CCONJ,X,PUNCT,1
ADJ,SYM,AUX,1
SYM,PROPN,NUM,1
ADP,INTJ,NOUN,1
DET,X,NUM,1
VERB,X,NUM,1
X,CCONJ,ADV,1
DET,PUNCT,ADV,1
NUM,PROPN,INTJ,1
SYM,ADV,CCONJ,1
AUX,INTJ,VERB,1
X,ADV,NOUN,1
X,ADJ,DET,1
SYM,PUNCT,SCONJ,1
NUM,NUM,SYM,1
PROPN,AUX,X,1
AUX,X,NOUN,1
SCONJ,ADP,SYM,1
DET,AUX,CCONJ,1
PRON,INTJ,ADP,1
INTJ,SYM,DET,1
ADJ,SYM,INTJ,1
NUM,NUM,ADJ,1
PROPN,NOUN,INTJ,1
SCONJ,ADJ,SYM,1
SCONJ,SYM,ADJ,1
SCONJ,ADP,SCONJ,1
X,ADP,PRON,1
VERB,NUM,INTJ,1
PRON,X,ADJ,1
SYM,ADJ,PRON,1
ADP,X,ADP,1
SCONJ,ADJ,NUM,1
PUNCT,AUX,AUX,1
SCONJ,AUX,NUM,1
SCONJ,INTJ,SYM,1
SCONJ,SYM,PROPN,1
SYM,VERB,NUM,1
NUM,VERB,SYM,1
CCONJ,INTJ,PROPN,1
ADP,AUX,NUM,1
SCONJ,CCONJ,ADP,1
VERB,NOUN,X,1
PUNCT,PROPN,SCONJ,1
AUX,SYM,NOUN,1
VERB,X,DET,1
NOUN,ADV,X,1
SCONJ,AUX,VERB,1
ADP,INTJ,ADP,1
CCONJ,SYM,NUM,1
DET,CCONJ,SYM,1
NUM,DET,CCONJ,1
AUX,INTJ,NOUN,1
X,PROPN,PROPN,1
SCONJ,X,PROPN,1
CCONJ,X,ADP,1
X,NOUN,CCONJ,1
ADV,SYM,ADJ,1
ADP,DET,SCONJ,1
NUM,INTJ,PUNCT,1
PUNCT,AUX,CCONJ,1
AUX,INTJ,ADV,1
X,ADV,DET,1
SCONJ,ADV,INTJ,1
ADJ,INTJ,NOUN,1
X,PUNCT,SYM,1
PRON,X,PUNCT,1
CCONJ,CCONJ,INTJ,1
INTJ,ADP,ADV,1
PRON,SCONJ,X,1
ADV,SCONJ,INTJ,1
SCONJ,CCONJ,CCONJ,1
DET,SCONJ,DET,1
SCONJ,SYM,AUX,1
NUM,ADP,SCONJ,1
SYM,INTJ,ADJ,1
SYM,PROPN,ADJ,1
ADJ,PUNCT,X,1
DET,PUNCT,PRON,1
ADP,SYM,SCONJ,1
SYM,ADP,ADV,1
PRON,X,PRON,1
DET,PUNCT,INTJ,1
PROPN,INTJ,NOUN,1
INTJ,CCONJ,CCONJ,1
SCONJ,NUM,ADJ,1
ADP,ADV,X,1
CCONJ,X,VERB,1
ADP,NUM,SCONJ,1
AUX,DET,AUX,1
PRON,DET,AUX,1
INTJ,SCONJ,NUM,1
ADP,X,PUNCT,1
SCONJ,NUM,ADV,1
SCONJ,CCONJ,PROPN,1
ADP,SCONJ,CCONJ,1
SCONJ,VERB,NUM,1
ADV,AUX,SYM,1
X,PUNCT,NOUN,1
X,SYM,NOUN,1
INTJ,DET,NUM,1
CCONJ,X,PRON,1
CCONJ,X,SCONJ,1
NUM,CCONJ,PUNCT,1
ADV,X,PROPN,1
ADJ,PROPN,SCONJ,1
DET,NUM,PRON,1
DET,PUNCT,SCONJ,1
INTJ,PROPN,ADJ,1
SYM,PUNCT,ADJ,1
SYM,INTJ,SCONJ,1
CCONJ,SCONJ,AUX,1
PUNCT,PROPN,INTJ,1
NUM,SCONJ,PROPN,1
DET,VERB,SYM,1
SYM,SCONJ,ADJ,1
CCONJ,AUX,SYM,1
X,NOUN,PRON,1
ADP,X,ADV,1
VERB,AUX,INTJ,1
NUM,ADV,SCONJ,1
DET,CCONJ,CCONJ,1
AUX,NUM,SCONJ,1
DET,SCONJ,ADJ,1
VERB,DET,SCONJ,1
VERB,NUM,AUX,1
PUNCT,SYM,AUX,1
NOUN,X,X,1
INTJ,NOUN,SCONJ,1
CCONJ,SYM,SCONJ,1
PRON,PRON,X,1
NUM,ADJ,INTJ,1
NOUN,X,CCONJ,1
CCONJ,INTJ,SYM,1
ADV,X,VERB,1
CCONJ,INTJ,ADP,1
DET,DET,DET,1
NUM,X,ADP,1
DET,NUM,X,1
INTJ,ADP,NUM,1
X,PRON,ADP,1
INTJ,INTJ,SCONJ,1
PROPN,PUNCT,X,1
INTJ,ADJ,PROPN,1
SYM,PROPN,DET,1
SYM,NUM,NUM,1
PROPN,ADJ,NUM,1
ADP,PUNCT,INTJ,1
INTJ,CCONJ,SYM,1
INTJ,NOUN,DET,1
PRON,X,DET,1
PUNCT,DET,AUX,1
PUNCT,DET,PRON,1
ADJ,SYM,X,1
PROPN,SCONJ,PUNCT,1
INTJ,DET,PRON,1
PRON,PUNCT,X,1
CCONJ,CCONJ,SYM,1
SCONJ,CCONJ,SCONJ,1
PRON,X,NOUN,1
X,PUNCT,VERB,1
PROPN,SCONJ,X,1
X,SYM,PROPN,1
DET,X,SYM,1
AUX,VERB,X,1
AUX,NOUN,X,1
PROPN,INTJ,DET,1
SCONJ,PUNCT,INTJ,1
X,X,AUX,1
SYM,X,X,1
SYM,ADP,ADJ,1
DET,SCONJ,PRON,1
CCONJ,X,ADJ,1
DET,PROPN,INTJ,1
X,CCONJ,ADP,1
INTJ,PRON,INTJ,1
NUM,X,PROPN,1
NOUN,NUM,X,1
X,CCONJ,PROPN,1
NUM,X,CCONJ,1
SYM,NUM,X,1
INTJ,ADJ,PRON,1
PRON,INTJ,ADJ,1
VERB,INTJ,AUX,1
INTJ,PROPN,CCONJ,1
ADP,PUNCT,AUX,1
ADJ,ADP,X,1
INTJ,NOUN,SYM,1
PUNCT,NUM,NUM,1
AUX,SYM,SCONJ,1
ADP,ADJ,SYM,1
NUM,INTJ,PRON,1
CCONJ,SYM,PRON,1
DET,NUM,SCONJ,1
INTJ,SCONJ,PROPN,1
PRON,SYM,INTJ,1
SYM,DET,SYM,1
PROPN,DET,DET,1
ADP,SYM,X,1
X,NUM,SYM,1
NUM,PRON,CCONJ,1
X,NUM,X,1
INTJ,SCONJ,NOUN,1
ADV,SCONJ,CCONJ,1
DET,ADV,X,1
ADJ,X,NOUN,1
ADJ,SCONJ,X,1
SYM,PUNCT,X,1
SCONJ,PUNCT,X,1
DET,AUX,NOUN,1
X,SYM,SYM,1
PRON,X,SYM,1
ADP,PRON,X,1
PRON,INTJ,SCONJ,1
ADJ,INTJ,ADV,1
NUM,NUM,AUX,1
DET,SYM,PRON,1
INTJ,PROPN,INTJ,1
NOUN,INTJ,PROPN,1
PROPN,NUM,DET,1
INTJ,VERB,INTJ,1
ADP,NOUN,X,1
DET,INTJ,VERB,1
NOUN,DET,INTJ,1
AUX,X,ADP,1
NOUN,AUX,X,1
SYM,ADV,PROPN,1
CCONJ,PROPN,INTJ,1
ADP,NUM,X,1
ADP,X,ADJ,1
SCONJ,INTJ,PROPN,1
ADV,NUM,X,1
X,NOUN,AUX,1
X,CCONJ,NOUN,1
PUNCT,SCONJ,NUM,1
DET,X,PUNCT,1
CCONJ,AUX,SCONJ,1
INTJ,NUM,INTJ,1
ADV,NUM,INTJ,1
ADP,INTJ,SCONJ,1
ADJ,SYM,ADV,1
ADV,X,SYM,1
X,ADV,CCONJ,1
X,ADJ,ADP,1
SCONJ,X,ADV,1
DET,INTJ,ADV,1
ADP,X,SCONJ,1
DET,ADP,SYM,1
SYM,SCONJ,NOUN,1
X,ADP,ADJ,1
SYM,NUM,VERB,1
AUX,INTJ,SCONJ,1
PRON,X,VERB,1
CCONJ,PRON,X,1
ADP,AUX,PROPN,1
DET,PROPN,X,1
